date,min,max,pm25,q1,q3,stdev,count
2019-12-13T00:00:00.000Z,2.22,15.18,8.59,4.94,11.86,3.655,494
2019-12-14T00:00:00.000Z,0.53,15.25,7.69,3.26,9.82,3.817,401
2019-12-15T00:00:00.000Z,0.45,3.32,1.61,1.04,2.04,0.61,575
2019-12-16T00:00:00.000Z,1.13,3.78,2.22,1.92,2.5,0.462,295
2019-12-17T00:00:00.000Z,1.24,8.72,2.11,1.68,6.19,2.479,291
2019-12-18T00:00:00.000Z,0.35,6,1.69,1.09,2.06,0.99,474
2019-12-19T00:00:00.000Z,2.84,15.74,7.4,5.13,10.53,3.074,557
2019-12-20T00:00:00.000Z,11.48,24.39,15.81,13.82,17.93,2.52,588
2019-12-21T00:00:00.000Z,3.58,16.13,8.07,6.7,11.15,2.947,573
2019-12-22T00:00:00.000Z,2.35,10.33,4.72,3.94,5.57,1.483,584
2019-12-23T00:00:00.000Z,0.66,10.26,5.45,3.36,7.05,2.354,586
2019-12-24T00:00:00.000Z,0.56,12.14,3.51,2.46,4.15,1.44,467
2019-12-25T00:00:00.000Z,0.28,13.92,3.7,0.68,5.86,2.701,578
2019-12-26T00:00:00.000Z,0.5,2.66,1.15,0.98,1.4,0.414,223
2019-12-28T00:00:00.000Z,2,5.3,2.88,2.52,3.22,0.58,147
2019-12-29T00:00:00.000Z,1.8,6.71,4.82,3.68,5.47,1.139,589
2019-12-30T00:00:00.000Z,1.35,6.68,4.61,3.6,5.14,0.995,580
2019-12-31T00:00:00.000Z,1.06,16.36,2.4,1.92,3.26,1.754,579
2020-01-01T00:00:00.000Z,0.84,16.91,2.48,1.64,4.15,2.814,585
2020-01-02T00:00:00.000Z,5.01,19.6,11.43,8.5,14.92,3.906,572
2020-01-03T00:00:00.000Z,0.88,11.52,4.8,3.04,8.34,2.85,555
2020-01-04T00:00:00.000Z,0.53,3.96,1.55,1.26,2.04,0.692,555
2020-01-05T00:00:00.000Z,0.78,8.36,1.78,1.43,4.84,2.152,566
2020-01-06T00:00:00.000Z,1.33,17.36,7.74,4.62,10.19,4.03,527
2020-01-07T00:00:00.000Z,1.41,18.34,8.74,3.84,11.62,4.41,525
2020-01-08T00:00:00.000Z,2.65,9.56,5.62,3.78,7.23,1.87,500
2020-01-09T00:00:00.000Z,0.52,11.86,3.77,2.99,5.72,2.601,527
2020-01-10T00:00:00.000Z,0.1,12.95,5.21,1.06,7.88,4.05,427
2020-01-11T00:00:00.000Z,0.25,7.16,1.44,0.81,4.76,2.121,527
2020-01-12T00:00:00.000Z,0.22,6.38,2.52,1.38,4.72,1.807,565
2020-01-13T00:00:00.000Z,1.07,9.06,2.4,1.76,4.7,2.237,490
2020-01-14T00:00:00.000Z,0.72,6.28,2.94,1.4,4.68,1.678,444
2020-01-15T00:00:00.000Z,0.32,2.42,1.33,1.1,1.52,0.407,458
2020-01-16T00:00:00.000Z,0.68,8.43,2.49,1.94,3.25,1.734,475
2020-01-17T00:00:00.000Z,1.44,12.88,7.32,4.76,9.4,2.764,467
2020-01-18T00:00:00.000Z,0.51,15.88,1.77,1.15,3.23,4.432,474
2020-01-19T00:00:00.000Z,0.88,4.21,2.42,1.91,2.96,0.668,469
2020-01-20T00:00:00.000Z,1.52,5.58,2.58,2.31,3.02,0.795,363
2020-01-21T00:00:00.000Z,0.45,3.24,1.84,1.15,2.25,0.627,456
2020-01-22T00:00:00.000Z,0.93,2.2,1.7,1.4,1.76,0.301,15
2020-01-23T00:00:00.000Z,1.1,4.16,2.94,1.96,3.47,0.785,81
2020-01-24T00:00:00.000Z,0.6,3.64,1.64,1.17,2.24,0.645,263
2020-01-25T00:00:00.000Z,0.5,9.52,1.08,0.92,1.72,2.427,295
2020-01-26T00:00:00.000Z,5.62,15.2,9.56,8.09,12.36,2.523,279
2020-01-27T00:00:00.000Z,7.85,17.38,12.58,11.09,13.93,1.801,253
2020-01-28T00:00:00.000Z,1.81,12.72,4.28,3.1,7.05,3.081,274
2020-01-29T00:00:00.000Z,0.62,6.45,1.64,1.23,2.17,0.901,310
2020-01-30T00:00:00.000Z,0.51,8.15,2,1.14,2.62,1.35,297
2020-01-31T00:00:00.000Z,0.76,10.26,2.91,2.11,3.56,1.329,288
2020-02-01T00:00:00.000Z,0.34,6.23,2.25,1.76,2.74,1.016,325
2020-02-02T00:00:00.000Z,0.32,3.42,1.84,1.63,2.02,0.422,337
2020-02-03T00:00:00.000Z,0.97,5.72,1.82,1.44,2.36,0.953,311
2020-02-04T00:00:00.000Z,0.26,3.69,1.48,0.57,2.41,0.96,259
2020-02-05T00:00:00.000Z,0.4,2.8,0.96,0.66,1.7,0.611,225
2020-02-06T00:00:00.000Z,1.1,4.78,1.88,1.6,2.24,0.791,149
2020-02-07T00:00:00.000Z,1.14,6.87,2.88,2,3.87,1.334,216
2020-02-08T00:00:00.000Z,3.34,10.42,7.7,4.97,8.94,2.04,198
2020-02-09T00:00:00.000Z,0.62,18.48,4.16,1.95,13.86,5.914,363
2020-02-10T00:00:00.000Z,0.6,3.4,1.8,1.3,2.17,0.568,365
2020-02-11T00:00:00.000Z,0.3,3.85,1.15,0.87,1.62,0.713,369
2020-02-12T00:00:00.000Z,0.65,3.39,1.59,1.2,2.25,0.651,380
2020-02-13T00:00:00.000Z,0.62,5.09,2.04,1.34,3.15,1.053,374
2020-02-14T00:00:00.000Z,1.18,21.56,3.62,3.16,4.26,2.149,385
2020-02-15T00:00:00.000Z,2.57,14.86,8.46,4.13,11.41,3.672,321
2020-02-16T00:00:00.000Z,0.22,3.86,1.34,1,1.55,0.506,376
2020-02-17T00:00:00.000Z,0.34,4.95,2.7,2.2,3.28,0.784,343
2020-02-18T00:00:00.000Z,0.94,4.04,2.38,2,2.74,0.559,312
2020-02-19T00:00:00.000Z,0.25,8.1,1.4,1.06,1.7,1.78,457
2020-02-20T00:00:00.000Z,0.75,7.92,3.09,2.7,4.91,1.523,500
2020-02-21T00:00:00.000Z,0.28,4.38,2.36,1.84,2.78,0.82,430
2020-02-22T00:00:00.000Z,0.52,6.82,2.2,1.56,3.15,1.21,464
2020-02-23T00:00:00.000Z,0.44,4.61,2.52,1.5,3.3,1.016,446
2020-02-24T00:00:00.000Z,0.55,2.92,1.71,1.4,1.92,0.411,522
2020-02-25T00:00:00.000Z,0.28,2.62,1.14,0.72,1.59,0.519,468
2020-02-26T00:00:00.000Z,0.1,1.4,0.8,0.5,0.95,0.282,415
2020-02-27T00:00:00.000Z,0.51,7.8,1.46,1.15,2.17,1.034,560
2020-02-28T00:00:00.000Z,0.55,9.06,2.19,1.18,2.9,1.479,560
2020-02-29T00:00:00.000Z,0.2,5.51,3.05,1.32,4.09,1.451,575
2020-03-01T00:00:00.000Z,0.77,5.28,1.59,1.32,1.86,0.491,577
2020-03-02T00:00:00.000Z,0.9,5.2,1.56,1.38,2,0.831,500
2020-03-03T00:00:00.000Z,2.12,8.49,6.09,4.26,6.8,1.475,427
2020-03-04T00:00:00.000Z,0.98,8.57,3.09,1.82,4.42,1.845,586
2020-03-05T00:00:00.000Z,0.65,15.79,3.47,1.98,5.98,2.967,583
2020-03-06T00:00:00.000Z,5.24,17.96,9.4,7.21,14.77,3.784,588
2020-03-07T00:00:00.000Z,1.85,13.16,5.27,3.38,6.35,2.396,586
2020-03-08T00:00:00.000Z,3.7,15.94,5.98,5.05,8.53,2.973,587
2020-03-09T00:00:00.000Z,0.84,10.56,6.17,4.08,8.65,2.717,580
2020-03-10T00:00:00.000Z,0.78,12.54,4.3,2.58,7.27,3.014,585
2020-03-11T00:00:00.000Z,1.34,3.91,2.17,1.91,2.59,0.485,581
2020-03-12T00:00:00.000Z,0.77,7.41,2.19,1.55,2.79,1.342,522
2020-03-13T00:00:00.000Z,0.45,3.64,1.32,1.05,2.36,0.787,546
2020-03-14T00:00:00.000Z,0.34,2.2,1.05,0.72,1.2,0.303,543
2020-03-15T00:00:00.000Z,2.1,5.12,2.94,2.76,3.16,0.39,292
2020-03-16T00:00:00.000Z,0.68,3.66,2.12,1.53,2.66,0.666,584
2020-03-17T00:00:00.000Z,1.06,8.19,2.62,1.85,4.99,2.033,578
2020-03-18T00:00:00.000Z,0.82,8.27,4.13,1.94,5.42,1.959,519
2020-03-19T00:00:00.000Z,0.57,4.3,1.76,1.31,2.12,0.571,561
2020-03-20T00:00:00.000Z,0.3,3.96,1.23,1,2.18,0.788,486
2020-03-21T00:00:00.000Z,0.24,2,1.12,0.56,1.36,0.412,496
2020-03-22T00:00:00.000Z,0.45,10.06,1.4,1.09,1.68,0.731,490
2020-03-23T00:00:00.000Z,0.65,4.5,1.78,1.3,2,0.535,469
2020-03-24T00:00:00.000Z,1.75,7.5,2.64,2.36,3.04,0.962,489
2020-03-25T00:00:00.000Z,2.59,10.14,5.66,4.08,7.02,1.821,450
2020-03-26T00:00:00.000Z,2.38,12.34,5.73,3.33,7.92,2.577,464
2020-03-27T00:00:00.000Z,2.6,14.4,7.37,4.72,10.58,3.237,398
2020-03-28T00:00:00.000Z,1,19.97,8.09,5.18,12.05,4.506,194
2020-03-29T00:00:00.000Z,0.3,1.72,1.03,0.68,1.25,0.342,377
2020-03-30T00:00:00.000Z,0.5,2,1.09,0.91,1.37,0.308,140
2020-03-31T00:00:00.000Z,0.45,2.65,1.46,1.04,1.69,0.436,343
2020-04-01T00:00:00.000Z,0.5,3.72,1.98,1.62,2.5,0.586,222
2020-04-02T00:00:00.000Z,1.05,3.88,2.21,1.88,2.7,0.565,482
2020-04-03T00:00:00.000Z,0.68,3.6,1.76,1.38,2.49,0.68,495
2020-04-04T00:00:00.000Z,0.61,8.56,2.25,1.32,3.96,1.95,540
2020-04-05T00:00:00.000Z,0.88,19.14,2.38,1.56,10.06,5.059,549
2020-04-06T00:00:00.000Z,2.42,8.77,4.65,3.73,6.48,1.549,520
2020-04-07T00:00:00.000Z,0.74,13.52,1.82,1.4,6.95,3.423,463
2020-04-08T00:00:00.000Z,0.56,3.72,1.7,1.36,2.35,0.642,485
2020-04-09T00:00:00.000Z,0.41,7.9,1.28,1,3.1,1.617,481
2020-04-10T00:00:00.000Z,0.45,9.24,1.91,1.44,2.91,1.28,533
2020-04-11T00:00:00.000Z,2.48,5.26,3.53,2.96,4.38,0.796,157
2020-04-12T00:00:00.000Z,0.53,6.82,2.82,1.36,3.73,1.374,571
2020-04-13T00:00:00.000Z,0.48,3.56,1.09,0.9,1.44,0.574,577
2020-04-14T00:00:00.000Z,0.38,3.2,1.13,0.9,1.52,0.537,550
2020-04-15T00:00:00.000Z,1.27,5.7,3.22,2.62,3.72,0.839,518
2020-04-16T00:00:00.000Z,0.48,4.03,1.75,1.08,2.36,0.688,498
2020-04-17T00:00:00.000Z,0.24,7.32,0.96,0.54,1.78,1.301,580
2020-04-18T00:00:00.000Z,0.34,2.34,1.08,0.7,1.31,0.387,584
2020-04-19T00:00:00.000Z,0.25,2.04,0.9,0.55,1.25,0.418,570
2020-04-20T00:00:00.000Z,0.2,9.61,1.14,0.62,1.85,1.536,516
2020-04-21T00:00:00.000Z,0.21,2.62,0.86,0.47,1.75,0.663,385
2020-04-22T00:00:00.000Z,0.1,4,1.02,0.5,1.45,0.764,421
2020-04-23T00:00:00.000Z,0.38,13.25,1.69,1.06,3.63,2.252,476
2020-04-24T00:00:00.000Z,0.69,9.11,2.5,1.85,3.19,1.471,544
2020-04-25T00:00:00.000Z,0.2,1.95,0.92,0.55,1.14,0.378,508
2020-04-26T00:00:00.000Z,0.68,4.09,1.36,1.14,1.7,0.653,558
2020-04-27T00:00:00.000Z,1.28,6.84,3.14,2.16,3.82,1.119,526
2020-04-28T00:00:00.000Z,0.25,3.42,1.18,0.59,2.24,0.86,404
2020-04-29T00:00:00.000Z,0.85,2.5,1.27,1.1,1.48,0.283,512
2020-04-30T00:00:00.000Z,0.88,43.21,4.01,2.04,7.22,4.275,542
2020-05-01T00:00:00.000Z,0.51,11.58,2.33,1.13,7.47,3.285,553
2020-05-02T00:00:00.000Z,0.22,13.02,3.01,0.92,6.06,3.623,549
2020-05-03T00:00:00.000Z,0.63,13.48,1.52,1.13,3.9,2.551,577
2020-05-04T00:00:00.000Z,0.26,2.8,0.96,0.7,1.85,0.66,536
2020-05-05T00:00:00.000Z,0.3,1.64,0.86,0.66,1.03,0.265,495
2020-05-06T00:00:00.000Z,0.74,2.84,1.39,1.15,1.84,0.483,595
2020-05-07T00:00:00.000Z,0.92,5.66,3.08,2.54,3.7,0.883,388
2020-05-08T00:00:00.000Z,1.62,6.24,3.46,2.57,4.58,1.16,354
2020-05-09T00:00:00.000Z,0.64,10.7,2.25,1.44,4.01,2.298,341
2020-05-10T00:00:00.000Z,0.81,18.13,11.16,4.97,13.6,4.501,245
2020-05-11T00:00:00.000Z,0.3,1.18,0.68,0.56,0.83,0.188,352
2020-05-12T00:00:00.000Z,0.6,3.01,1.08,0.92,1.25,0.382,485
2020-05-13T00:00:00.000Z,0.24,1.21,0.74,0.48,0.86,0.234,479
2020-05-14T00:00:00.000Z,0.35,1.91,1.02,0.74,1.27,0.336,462
2020-05-15T00:00:00.000Z,0.66,3.34,1.4,1.14,1.66,0.395,534
2020-05-16T00:00:00.000Z,0.88,3.06,1.64,1.36,2.13,0.499,336
2020-05-17T00:00:00.000Z,0.64,3.4,1.38,1.14,1.84,0.556,545
2020-05-18T00:00:00.000Z,0.52,3.9,1.35,1.06,2.15,0.716,461
2020-05-19T00:00:00.000Z,0.32,6.74,1.1,0.75,3.08,1.667,545
2020-05-20T00:00:00.000Z,0.34,6.74,1.23,0.81,1.76,1.164,555
2020-05-21T00:00:00.000Z,0.3,5.9,1.6,1.09,2.62,1.25,513
2020-05-22T00:00:00.000Z,0.38,1.74,0.94,0.7,1.12,0.268,550
2020-05-23T00:00:00.000Z,1.25,999.9,4.7,3.74,7.45,69.366,517
2020-05-24T00:00:00.000Z,2.35,6.85,3.95,3.3,4.8,0.94,535
2020-05-25T00:00:00.000Z,0.9,10.18,3.67,2.08,5.9,2.142,542
2020-05-26T00:00:00.000Z,0.7,10.77,2.87,1.42,4.65,2.311,504
2020-05-27T00:00:00.000Z,1.3,21.65,4.15,3.11,6.07,3.761,524
2020-05-28T00:00:00.000Z,0.6,8.75,1.6,1.1,2.85,2.106,530
2020-05-29T00:00:00.000Z,1,27.58,1.98,1.6,2.87,4.382,544
2020-05-30T00:00:00.000Z,0.6,29.27,1.67,1.08,3.6,2.732,568
2020-05-31T00:00:00.000Z,0.3,7.47,0.7,0.5,1,0.712,487
2020-06-01T00:00:00.000Z,0.2,3.97,0.65,0.5,1.27,0.754,484
2020-06-02T00:00:00.000Z,0.3,7.85,1.12,0.8,2.29,1.16,538
2020-06-03T00:00:00.000Z,0.3,11.25,1.66,0.9,3.92,2.371,458
2020-06-04T00:00:00.000Z,0.56,6.18,2.1,1.42,3.41,1.221,536
2020-06-05T00:00:00.000Z,0.37,9.6,1.1,0.75,4.9,2.501,463
2020-06-06T00:00:00.000Z,0.5,5.95,1.25,0.9,1.77,1.088,493
2020-06-07T00:00:00.000Z,0.73,12,2.31,1.6,5.2,2.214,542
2020-06-08T00:00:00.000Z,0.45,20.3,1.87,1.35,4.25,4.103,534
2020-06-09T00:00:00.000Z,0.77,15.55,2.47,1.58,4.55,2.855,496
2020-06-10T00:00:00.000Z,0.5,9.44,1.89,1.17,2.47,1.664,514
2020-06-11T00:00:00.000Z,0.43,2.47,0.98,0.8,1.17,0.323,551
2020-06-12T00:00:00.000Z,0.98,9.07,4.82,3.78,6.05,1.803,559
2020-06-13T00:00:00.000Z,1,15.27,4.19,1.8,9.19,4.091,538
2020-06-14T00:00:00.000Z,0.4,3.72,1.4,1.02,2.46,0.871,345
2020-06-15T00:00:00.000Z,0.7,5.05,1.45,1.05,2.2,0.901,568
2020-06-16T00:00:00.000Z,1.33,5.87,2.4,2,3.45,0.947,575
2020-06-17T00:00:00.000Z,2,13.52,5.3,4,7.34,2.907,209
2020-06-19T00:00:00.000Z,2.58,17.32,11.89,5.05,13.17,4.291,256
2020-06-20T00:00:00.000Z,3.7,15.38,7.43,5.12,10.01,2.763,584
2020-06-21T00:00:00.000Z,4,16.67,7.37,5.94,10.48,2.979,584
2020-06-22T00:00:00.000Z,0.37,20.83,1.9,1.2,6.18,5.029,557
2020-06-23T00:00:00.000Z,1.2,6.8,2.37,1.98,2.8,0.675,574
2020-06-24T00:00:00.000Z,1.3,9.98,2.6,2.1,3.47,1.423,589
2020-06-25T00:00:00.000Z,0.8,13.98,2.65,1.6,3.96,2.612,569
2020-06-26T00:00:00.000Z,1.73,8.8,4.07,2.92,5.87,1.908,570
2020-06-27T00:00:00.000Z,1.6,8.75,2.83,2.15,5.85,2.186,521
2020-06-28T00:00:00.000Z,1.2,22.62,3.5,2.41,13.63,6.606,461
2020-06-29T00:00:00.000Z,0.56,4.25,1.52,1.2,1.9,0.519,483
2020-06-30T00:00:00.000Z,1.35,7.28,2.37,2.02,3.08,1.272,468
2020-07-01T00:00:00.000Z,0.9,16.35,2.36,1.6,3.08,2.248,458
2020-07-02T00:00:00.000Z,0.62,11.02,1.45,1.12,3.28,2.83,454
2020-07-03T00:00:00.000Z,0.3,14.02,1.2,0.8,1.76,1.113,473
2020-07-04T00:00:00.000Z,0.43,14.87,4.55,2.63,6.18,2.891,500
2020-07-05T00:00:00.000Z,0.75,5.43,2,1.52,2.54,0.903,474
2020-07-06T00:00:00.000Z,0.6,3.53,1.67,1.3,2.12,0.54,281
2020-07-07T00:00:00.000Z,0.77,4.59,1.77,1.45,2.15,0.504,446
2020-07-08T00:00:00.000Z,0.4,3.12,1,0.8,1.4,0.42,443
2020-07-09T00:00:00.000Z,0.62,2.8,1.24,1,1.6,0.388,474
2020-07-10T00:00:00.000Z,0.6,10.25,1.66,1.3,2.04,1.04,454
2020-07-11T00:00:00.000Z,0.4,3.33,1.23,0.93,1.75,0.57,346
2020-07-12T00:00:00.000Z,0.5,5.07,1.52,1.1,2.29,0.822,442
2020-07-13T00:00:00.000Z,0.62,3.95,1.42,1.17,1.83,0.68,423
2020-07-14T00:00:00.000Z,0.8,25.42,3.25,1.42,4.15,5.308,441
2020-07-15T00:00:00.000Z,1.27,40.63,2.78,2.12,3.97,8.827,360
2020-07-16T00:00:00.000Z,1,9.13,2.58,1.74,3.89,1.784,333
2020-07-17T00:00:00.000Z,0.4,17.39,1.38,0.9,2.17,1.607,488
2020-07-18T00:00:00.000Z,0.6,5.93,1.61,1.13,2.89,1.125,460
2020-07-19T00:00:00.000Z,1.02,10.73,4.9,2.62,7.2,2.823,170
2020-07-20T00:00:00.000Z,0.7,13.9,1.55,1.3,2.5,2.286,177
2020-07-21T00:00:00.000Z,0.43,4.07,1.41,0.95,1.94,0.596,268
2020-07-22T00:00:00.000Z,0.56,2.83,1.2,0.9,1.64,0.51,276
2020-07-23T00:00:00.000Z,0.3,11.57,1.08,0.6,1.55,1.749,299
2020-07-24T00:00:00.000Z,0.43,17.62,3.41,1.1,7.47,4.673,382
2020-07-25T00:00:00.000Z,0.85,2.54,1.33,1.17,1.62,0.375,79
2020-07-26T00:00:00.000Z,0.9,12.43,3.6,2.33,4.3,1.717,447
2020-07-27T00:00:00.000Z,0.82,9.27,3.73,1.45,4.98,2.11,288
2020-07-28T00:00:00.000Z,1,8.5,2.1,1.6,4.2,1.659,427
2020-07-29T00:00:00.000Z,0.8,3.22,1.6,1.3,2,0.502,266
2020-08-08T00:00:00.000Z,2.7,4.5,3.15,3,3.42,0.333,125
2020-08-09T00:00:00.000Z,1.58,13.75,3.5,2.8,5.11,2.134,521
2020-08-10T00:00:00.000Z,1.2,16.67,3.72,2.83,4.86,3.11,524
2020-08-11T00:00:00.000Z,0.6,3.4,1.3,1,1.8,0.544,506
2020-08-12T00:00:00.000Z,0.5,57.33,1.48,1,2.75,2.704,501
2020-08-13T00:00:00.000Z,0.9,13.15,2.29,1.4,3.62,1.834,529
2020-08-14T00:00:00.000Z,0.88,7.22,2.41,1.75,4.2,1.506,476
2020-08-15T00:00:00.000Z,2.12,15.63,5.05,3.1,6.87,2.602,531
2020-08-16T00:00:00.000Z,2.22,39.5,6.5,3.87,11.21,4.705,532
2020-08-17T00:00:00.000Z,2.15,10.85,4.11,2.97,7.28,2.487,530
2020-08-18T00:00:00.000Z,3.25,28.85,7.05,4.97,11.17,5.617,521
2020-08-19T00:00:00.000Z,1.9,37.03,12.34,5.68,16.57,7.908,518
2020-08-20T00:00:00.000Z,2.1,23.45,6.52,3.28,16.02,6.521,522
2020-08-21T00:00:00.000Z,1.4,20.23,6.93,5,12.15,4.646,511
2020-08-22T00:00:00.000Z,1.7,25.52,2.67,2.33,3.8,4.896,466
2020-08-23T00:00:00.000Z,0.47,3.55,1.62,1.13,2.12,0.646,497
2020-08-24T00:00:00.000Z,0.55,6.8,1.25,0.98,1.62,0.594,422
2020-08-25T00:00:00.000Z,0.4,2.85,0.88,0.73,1.01,0.239,444
2020-08-26T00:00:00.000Z,0.35,6.6,2.1,1.4,3.58,1.544,454
2020-08-27T00:00:00.000Z,0.56,2.67,1.4,1.1,1.73,0.39,525
2020-08-28T00:00:00.000Z,0.43,4.7,1.8,1.27,2.83,1.029,458
2020-08-29T00:00:00.000Z,0.32,26.08,2.74,1.17,6.57,4.952,466
2020-08-30T00:00:00.000Z,0.2,31.95,1.83,0.88,5.4,6.689,442
2020-08-31T00:00:00.000Z,0.2,4.15,0.8,0.43,1.3,0.698,472
2020-09-01T00:00:00.000Z,0.4,5.9,0.93,0.7,1.35,0.697,403
2020-09-02T00:00:00.000Z,0.5,7.62,1.73,1.2,3.87,1.853,473
2020-09-03T00:00:00.000Z,0.62,25.65,2.86,1.75,4.5,4.766,470
2020-09-04T00:00:00.000Z,0.8,21.5,1.83,1.4,2.5,3.633,479
2020-09-05T00:00:00.000Z,0.5,5.4,2.12,1.45,2.75,0.849,478
2020-09-06T00:00:00.000Z,0.3,7.37,1.5,0.95,1.8,0.651,478
2020-09-07T00:00:00.000Z,0.3,3.85,1.25,0.95,1.7,0.539,443
2020-09-08T00:00:00.000Z,0.62,16.25,2.52,1.6,7.03,4.122,383
2020-09-09T00:00:00.000Z,0.7,384.3,4.2,2.47,9.9,24.093,402
2020-09-10T00:00:00.000Z,0.68,5.07,1.6,1.12,3.05,1.081,347
2020-09-11T00:00:00.000Z,0.9,5.78,2.92,2.37,3.78,1.051,317
2020-09-12T00:00:00.000Z,0.7,276.35,4.34,3.7,5.87,22.262,298
2020-09-13T00:00:00.000Z,0.43,5.12,2,1.27,3.58,1.233,239
2020-09-14T00:00:00.000Z,1.9,12.2,5.68,3.42,7.7,2.773,131
2020-09-15T00:00:00.000Z,2.25,34.45,7.14,3.35,9.57,4.94,258
2020-09-16T00:00:00.000Z,0.4,1.12,0.54,0.5,0.6,0.121,38
2020-09-17T00:00:00.000Z,0.3,2.35,0.62,0.5,0.85,0.29,153
2020-09-18T00:00:00.000Z,0.45,5.95,1.2,0.85,1.87,1.053,330
2020-09-19T00:00:00.000Z,1.3,7.8,3.71,2.1,4.55,1.598,322
2020-09-20T00:00:00.000Z,2.02,12.13,4.9,3.6,7.1,2.188,239
2020-09-21T00:00:00.000Z,3.42,25.4,13.32,9.85,14.79,4.718,229
2020-09-22T00:00:00.000Z,2.67,22.3,7.68,4.82,12.37,4.534,343
2020-09-23T00:00:00.000Z,4.57,53.03,22.54,10.5,36.2,12.988,452
2020-09-24T00:00:00.000Z,0.85,45.95,4.9,1.58,17.5,14.11,470
2020-09-25T00:00:00.000Z,1.17,15.85,6.5,4.76,10.14,3.504,345
2020-09-26T00:00:00.000Z,0.5,15.02,3.05,1.65,11.45,4.864,275
2020-09-27T00:00:00.000Z,5.45,16.73,9.25,7.07,13.86,3.452,229
2020-09-28T00:00:00.000Z,0.98,8.65,6.38,3.08,7,2.113,272
2020-09-29T00:00:00.000Z,0.8,19.92,10.1,2.92,11.82,5.336,259
2020-09-30T00:00:00.000Z,0.9,28.67,16.14,3.72,21.08,9.008,400
2020-10-01T00:00:00.000Z,2.83,19.25,8.03,6.18,11.15,4.27,314
2020-10-02T00:00:00.000Z,1.6,14.65,7.97,3.26,10.72,3.781,277
2020-10-03T00:00:00.000Z,4.5,23.75,10.45,6.57,14.7,4.714,267
2020-10-04T00:00:00.000Z,0.62,26.48,5.87,1.75,16.1,7.371,314
2020-10-05T00:00:00.000Z,0.5,15.32,1.47,0.97,5.44,4.162,320
2020-10-06T00:00:00.000Z,0.7,14.35,2.6,1.77,4.22,2.308,339
2020-10-07T00:00:00.000Z,0.77,33.79,2.62,1.45,4.37,2.592,339
2020-10-08T00:00:00.000Z,0.3,6.62,2.17,1.73,2.65,0.985,321
2020-10-09T00:00:00.000Z,0.55,4.5,1.33,1.17,1.52,0.369,354
2020-10-10T00:00:00.000Z,0.4,6.22,1,0.8,1.72,1.067,421
2020-10-11T00:00:00.000Z,0.55,94.97,1.42,1.05,2.4,5.15,434
2020-10-12T00:00:00.000Z,0.2,12.82,2.22,0.8,3.13,2.377,349
2020-10-13T00:00:00.000Z,0.5,10.13,1.3,0.85,5.7,2.951,415
2020-10-14T00:00:00.000Z,0.37,1.87,0.8,0.61,0.9,0.181,396
2020-10-15T00:00:00.000Z,0.4,4.7,1,0.77,1.3,0.448,422
2020-10-16T00:00:00.000Z,0.3,5.22,0.88,0.68,1.13,0.504,433
2020-10-17T00:00:00.000Z,0.2,3.9,1,0.6,1.3,0.479,438
2020-10-18T00:00:00.000Z,0.2,6.78,1.2,0.7,1.5,0.662,445
2020-10-19T00:00:00.000Z,0.6,6.68,1.55,1.1,2.4,0.985,438
2020-10-20T00:00:00.000Z,2.8,24.55,11.01,5.8,15.25,5.466,446
2020-10-21T00:00:00.000Z,2.47,49.33,25.04,13.3,35.47,12.797,438
2020-10-22T00:00:00.000Z,0.56,5.57,2.04,1.55,2.47,0.763,429
2020-10-23T00:00:00.000Z,0.7,15.7,2.27,1.8,3.53,2.289,420
2020-10-24T00:00:00.000Z,1.02,45.47,4.59,2.09,18.93,14.381,444
2020-10-25T00:00:00.000Z,0.7,13,1.8,1.3,2.71,2.16,481
2020-10-26T00:00:00.000Z,1.8,16.07,5.15,3.72,6.15,2.737,470
2020-10-27T00:00:00.000Z,1.63,17.07,3.55,2.8,4.5,4.066,447
2020-10-28T00:00:00.000Z,0.98,13.77,2.54,1.95,3.3,1.37,462
2020-10-29T00:00:00.000Z,0.73,5.5,2.58,1.9,3.5,1.034,458
2020-10-30T00:00:00.000Z,0.8,18.45,4.05,2.54,5.6,3.003,471
2020-10-31T00:00:00.000Z,0.98,14.15,5.35,3.1,7.87,3.272,489
2020-11-01T00:00:00.000Z,1.88,16.88,7.74,5.17,9.91,3.049,492
2020-11-02T00:00:00.000Z,0.73,12.32,2.88,1.99,4.8,2.57,456
2020-11-03T00:00:00.000Z,1,4.84,2.35,1.85,2.85,0.686,458
2020-11-04T00:00:00.000Z,0.73,4.05,1.6,1.33,2,0.547,366
2020-11-05T00:00:00.000Z,0.8,4.95,2,1.58,2.47,0.817,345
2020-11-06T00:00:00.000Z,1.4,26.92,3.21,2.54,5.19,2.599,344
2020-11-07T00:00:00.000Z,1.3,11.77,7,4.84,8.13,2.146,396
2020-11-08T00:00:00.000Z,4.38,101.28,11.63,9.5,15.57,7.229,350
2020-11-09T00:00:00.000Z,4.34,9.57,6.75,5.8,7.45,1.118,287
2020-11-10T00:00:00.000Z,6.03,24.45,16.89,11.09,20.82,5.372,333
2020-11-11T00:00:00.000Z,13.4,37.03,22.7,20.55,25.16,4.871,349
2020-11-12T00:00:00.000Z,12.25,27.23,16.35,14.99,19.21,3.29,296
2020-11-13T00:00:00.000Z,3.08,30.4,13.75,9.69,20.75,7.045,311
2020-11-14T00:00:00.000Z,5.2,34.1,14.52,11.43,20.88,6.873,338
2020-11-15T00:00:00.000Z,5,30.7,9.44,7.2,20.77,7.712,291
2020-11-16T00:00:00.000Z,1.12,10.19,3.2,2.27,6.7,2.536,283
2020-11-17T00:00:00.000Z,0.9,15.98,3.22,1.9,4.25,2.409,314
2020-11-18T00:00:00.000Z,2.27,19.39,7.2,4.65,10.32,3.681,367
2020-11-19T00:00:00.000Z,0.93,11.27,2.35,1.79,3.05,1.9,376
2020-11-20T00:00:00.000Z,0.7,4.34,1.5,1.12,1.9,0.566,368
2020-11-21T00:00:00.000Z,0.4,17.95,4.57,1.7,7.92,4.13,313
2020-11-22T00:00:00.000Z,1.23,5.6,2.54,2,3.2,0.79,308
2020-11-23T00:00:00.000Z,0.9,4.28,1.98,1.7,2.25,0.508,275
2020-11-24T00:00:00.000Z,1.27,28.73,16.05,3.28,20.73,8.967,287
2020-11-25T00:00:00.000Z,9.13,32.54,19.09,14.65,24.17,5.837,298
2020-11-26T00:00:00.000Z,0.63,46.25,14.57,1.7,28.7,15.125,291
2020-11-27T00:00:00.000Z,0.7,5.68,2.17,1.51,2.7,0.845,280
2020-11-28T00:00:00.000Z,1.5,52.47,2.78,2.17,3.42,3.148,283
2020-11-29T00:00:00.000Z,0.6,29.65,2.1,1.4,2.58,1.872,291
2020-11-30T00:00:00.000Z,1,16.77,2.66,2.17,7.95,4.225,262
2020-12-01T00:00:00.000Z,12.15,25.27,16.42,14.23,19.14,2.996,247
2020-12-02T00:00:00.000Z,12.95,44.72,20.45,17.27,28.52,7.109,279
2020-12-03T00:00:00.000Z,19.14,38.95,31.3,26.52,34.67,5.36,244
2020-12-04T00:00:00.000Z,13.45,31.48,19.67,18.29,22.37,3.582,269
2020-12-05T00:00:00.000Z,13.25,32.28,21.59,16.73,24.08,4.281,256
2020-12-06T00:00:00.000Z,14.13,42.75,21.4,20.25,22.73,2.773,344
2020-12-07T00:00:00.000Z,13.38,22.83,18.23,16.55,20.07,2.049,291
2020-12-08T00:00:00.000Z,20.14,38.08,27.98,26.59,32.69,3.995,281
2020-12-09T00:00:00.000Z,16,34.08,25.23,22.23,28.09,3.982,256
2020-12-10T00:00:00.000Z,6.47,32.58,20.64,17.55,22.42,5.038,266
2020-12-11T00:00:00.000Z,9.5,27.38,19.35,16.8,22.45,3.904,317
2020-12-12T00:00:00.000Z,9.38,26.88,13.35,11.83,18.09,4.894,321
2020-12-13T00:00:00.000Z,4.93,21.7,11.75,8.73,15.98,4.105,303
2020-12-14T00:00:00.000Z,8.19,27.95,16.3,11.42,19.09,4.533,284
2020-12-15T00:00:00.000Z,6.63,22.65,16.29,14.37,18.05,3.092,308
2020-12-16T00:00:00.000Z,1,17.27,9.41,7.3,12.22,3.547,312
2020-12-17T00:00:00.000Z,8.38,23.95,17.6,14.52,20.67,4.09,279
2020-12-18T00:00:00.000Z,3.63,20.95,7.32,6.13,12.23,4.001,306
2020-12-19T00:00:00.000Z,6.4,26.4,17.38,10.73,19.1,4.82,289
2020-12-20T00:00:00.000Z,6.07,21.83,10.6,8.85,13.14,3.01,304
2020-12-21T00:00:00.000Z,4.32,31.92,11.91,7.82,23.97,8.743,300
2020-12-22T00:00:00.000Z,0.65,21.13,4.13,2,9.88,5.019,286
2020-12-23T00:00:00.000Z,0.98,26.73,2.2,1.7,5.95,3.603,303
2020-12-24T00:00:00.000Z,0.7,11.93,1.54,1.08,3.59,2.892,284
2020-12-25T00:00:00.000Z,0.5,7.1,0.97,0.75,1.8,0.899,310
2020-12-26T00:00:00.000Z,1.23,16.27,3.47,2.42,8.41,3.671,297
2020-12-27T00:00:00.000Z,1.45,5.45,2.71,2.27,3.3,0.773,306
2020-12-28T00:00:00.000Z,3.15,15.98,7.97,5.43,11.4,3.199,294
2020-12-29T00:00:00.000Z,11.23,29.92,13.67,12.6,15,4.584,146
2022-09-16T00:00:00.000Z,0.6,8.35,1.2,1,1.58,0.721,170
2022-09-17T00:00:00.000Z,0.22,32.58,0.88,0.6,1.1,1.57,560
2022-09-18T00:00:00.000Z,0.4,25.23,1.4,1.1,1.85,1.514,563
2022-09-19T00:00:00.000Z,0.2,2.47,0.9,0.56,1.1,0.336,549
2022-09-20T00:00:00.000Z,0.3,2.5,1,0.6,1.3,0.463,537
2022-09-21T00:00:00.000Z,0.2,2.97,1.2,0.6,1.8,0.667,554
2022-09-22T00:00:00.000Z,0.3,12.15,2,0.73,2.6,2.309,563
2022-09-23T00:00:00.000Z,0.5,27.45,1.62,0.9,2.54,1.897,568
2022-09-24T00:00:00.000Z,1.14,9.73,2.78,1.85,3.6,1.531,573
2022-09-25T00:00:00.000Z,1.95,36.95,8.77,3.92,13.75,7.559,566
2022-09-26T00:00:00.000Z,0.75,3.2,1.65,1.35,2.09,0.481,549
2022-09-27T00:00:00.000Z,1.27,11.2,4.75,2.49,7.31,2.608,556
2022-09-28T00:00:00.000Z,0.75,8,1.63,1.3,2.7,1.493,552
2022-09-29T00:00:00.000Z,0.3,10.6,1.26,0.72,2.2,1.061,532
2022-09-30T00:00:00.000Z,1.2,14.73,3.9,2.2,5.72,2.75,512
2022-10-01T00:00:00.000Z,2.29,18.98,4.82,3.7,6.8,4.33,559
2022-10-02T00:00:00.000Z,0.75,6.8,2.33,1.75,3.83,1.26,479
2022-10-03T00:00:00.000Z,1.27,5.28,2.6,2.15,3.2,0.712,463
2022-10-04T00:00:00.000Z,1.85,15.9,3.9,2.8,7.75,3.287,479
2022-10-05T00:00:00.000Z,4.2,16.88,8.75,7.64,11.31,2.848,517
2022-10-06T00:00:00.000Z,0.82,6.63,2.95,2.38,3.58,1.016,563
2022-10-07T00:00:00.000Z,2.2,5.93,3.22,2.92,3.53,0.506,567
2022-10-08T00:00:00.000Z,0.63,4.28,1.77,1.42,2.25,0.753,571
2022-10-09T00:00:00.000Z,1,31.75,2.1,1.73,2.8,4.083,576
2022-10-10T00:00:00.000Z,1.5,22.3,2.58,2.15,3.53,3.356,569
2022-10-11T00:00:00.000Z,1.63,5.78,3.1,2.54,3.8,0.87,566
2022-10-12T00:00:00.000Z,1.25,31.38,3,2.42,3.82,2.157,564
2022-10-13T00:00:00.000Z,2.5,48.45,5.18,3.75,16.64,10.081,562
2022-10-14T00:00:00.000Z,4.09,54.25,24.25,7.82,36.77,15.428,556
2022-10-15T00:00:00.000Z,3.05,39.67,21.38,17.48,28.16,8.589,565
2022-10-16T00:00:00.000Z,1.3,29.85,3.47,2.8,8.69,9,447
2022-10-17T00:00:00.000Z,0.77,43.97,4,2.85,10.1,10.902,563
2022-10-18T00:00:00.000Z,1.4,18.88,5.21,2.42,7.31,4.362,400
2022-10-21T00:00:00.000Z,4.78,37.25,21.92,11.86,28.74,9.818,556
2022-10-22T00:00:00.000Z,9.07,47.38,29.15,16.82,34.2,9.79,572
2022-10-23T00:00:00.000Z,2.02,47.22,8.94,4.73,18.3,10.837,564
2022-10-24T00:00:00.000Z,1.05,37.25,3.75,2.6,18.92,10.421,562
2022-10-25T00:00:00.000Z,1.7,44.6,4.75,3.2,6.15,3.278,562
2022-10-26T00:00:00.000Z,4.63,39.75,12.92,9.66,24.77,8.498,564
2022-10-27T00:00:00.000Z,5.5,38.75,19.85,16.3,24.4,7.024,559
2022-10-28T00:00:00.000Z,6.38,33.13,17.92,14.75,21.13,6.341,558
2022-10-29T00:00:00.000Z,1.3,27.5,3.19,2.22,4.43,5.137,560
2022-10-30T00:00:00.000Z,0.5,41.42,12.63,5.65,33.13,13.942,561
2022-10-31T00:00:00.000Z,2.63,37.45,18.76,10.14,22.8,7.996,568
2022-11-01T00:00:00.000Z,2.29,85.22,16.42,4.93,20.52,15.66,551
2022-11-02T00:00:00.000Z,0.98,5.25,3.03,2.46,3.6,0.775,557
2022-11-03T00:00:00.000Z,1.8,7.28,3.22,2.75,3.94,0.918,565
2022-11-04T00:00:00.000Z,1.4,28.58,9.98,6.94,14.79,6.539,564
2022-11-05T00:00:00.000Z,0.93,9.13,2.67,1.88,3.2,1.397,562
2022-11-06T00:00:00.000Z,3.03,16.23,8.75,5.34,11.56,3.372,561
2022-11-07T00:00:00.000Z,2.45,19.02,4.47,3.44,6.79,3.466,572
2022-11-08T00:00:00.000Z,1.5,24.33,3.55,2.67,12.9,6.774,563
2022-11-09T00:00:00.000Z,1,5.97,2.7,2.4,3.1,0.697,531
2022-11-10T00:00:00.000Z,1.2,10.93,3.89,2.85,6.32,2.294,506
2022-11-11T00:00:00.000Z,2.65,19.32,5.59,4.53,8.66,3.236,500
2022-11-12T00:00:00.000Z,4.72,24.58,7.32,6.53,8.15,3.29,511
2022-11-13T00:00:00.000Z,1.2,49.05,6.32,4.7,13.45,9.955,512
2022-11-14T00:00:00.000Z,0.9,35.45,6.95,5.6,9.9,7.999,503
2022-11-15T00:00:00.000Z,0.6,35.88,25.52,2.88,30.22,12.194,537
2022-11-16T00:00:00.000Z,0.5,2.72,1.12,0.9,1.45,0.356,564
2022-11-17T00:00:00.000Z,0.7,4.63,1.4,1.2,1.8,0.458,567
2022-11-18T00:00:00.000Z,0.6,5.6,1.58,1.2,2.1,0.626,566
2022-11-19T00:00:00.000Z,1,3.45,1.63,1.38,1.98,0.473,562
2022-11-20T00:00:00.000Z,1.48,34.97,3.7,2.88,5.65,3.029,574
2022-11-21T00:00:00.000Z,1.1,17.67,6.31,4.98,8.89,3.631,568
2022-11-22T00:00:00.000Z,3.55,39.78,11.82,8.94,19.39,7.823,564
2022-11-23T00:00:00.000Z,24.08,44.5,33.35,31.47,34.58,3.733,564
2022-11-24T00:00:00.000Z,23.55,43.8,29.73,27.85,32.2,3.605,566
2022-11-25T00:00:00.000Z,10.25,40.65,21.17,18.45,29.3,6.684,564
2022-11-26T00:00:00.000Z,5.09,32,12.3,9.68,15.48,4.883,567
2022-11-27T00:00:00.000Z,4.4,25.83,14.48,11.12,17.02,4.503,573
2022-11-28T00:00:00.000Z,2.7,23.75,8.6,4.8,15.98,6.161,564
2022-11-29T00:00:00.000Z,4.59,28.6,11.19,8.52,17.38,6.004,552
2022-11-30T00:00:00.000Z,6.03,19.39,11.98,10.1,14.49,3.121,569
2022-12-01T00:00:00.000Z,7.93,20.83,14.85,11.54,17.79,3.462,521
2022-12-02T00:00:00.000Z,3.75,10.18,5.82,5.09,6.53,1.104,574
2022-12-03T00:00:00.000Z,4.18,10.32,5.8,5.4,6.4,1.022,570
2022-12-04T00:00:00.000Z,3.75,16.14,7.8,5.78,9.82,2.723,565
2022-12-05T00:00:00.000Z,0.52,10.25,2.27,1.08,3.17,1.95,565
2022-12-06T00:00:00.000Z,1.5,9.5,4.03,2.4,5.79,1.786,564
2022-12-07T00:00:00.000Z,1.85,15.8,4.93,3.42,8.4,2.873,559
2022-12-08T00:00:00.000Z,1.1,142.93,5.19,3.8,8.13,9.093,570
2022-12-09T00:00:00.000Z,1.12,35.58,8.07,4.19,14.35,5.777,565
2022-12-10T00:00:00.000Z,11.15,60.95,16.22,14.75,19.57,4.278,570
2022-12-11T00:00:00.000Z,3.15,17.95,7.12,6.28,8.49,2.101,576
2022-12-12T00:00:00.000Z,2.88,26.1,6,5.18,7,1.587,565
2022-12-13T00:00:00.000Z,1.88,164.3,4.15,3.47,5.35,8.626,559
2022-12-14T00:00:00.000Z,4.72,22.23,11.6,9.55,14.23,3.969,557
2022-12-15T00:00:00.000Z,1.5,32.04,7.73,4.22,11.02,6.844,562
2022-12-16T00:00:00.000Z,2.58,128.3,5.95,5.03,6.8,5.616,521
2022-12-17T00:00:00.000Z,6,81.56,13.1,8.3,29.4,11.335,539
2022-12-18T00:00:00.000Z,5,20.98,8.85,7.32,13.55,4.16,554
2022-12-19T00:00:00.000Z,10.02,37.28,18.27,16.42,23.29,5.415,564
2022-12-20T00:00:00.000Z,32.7,73.34,47.2,43.44,55.21,7.39,560
2022-12-21T00:00:00.000Z,8.9,62.38,18.82,15.65,24.63,8.053,555
2022-12-22T00:00:00.000Z,6.15,49.55,33.1,13.49,39.47,13.283,561
2022-12-23T00:00:00.000Z,0.7,8.65,1.67,1.3,2.78,1.515,399
2022-12-24T00:00:00.000Z,1.1,5.7,2.22,1.77,2.97,0.818,503
2022-12-25T00:00:00.000Z,2.5,28.48,12.92,5.43,15.13,5.725,514
2022-12-26T00:00:00.000Z,1.1,51.05,6.5,3.34,10.52,6.281,429
2022-12-27T00:00:00.000Z,0.9,10.88,2.35,1.63,3,1.508,548
2022-12-28T00:00:00.000Z,3.22,31.95,7.24,5.87,13.56,7.702,500
2022-12-29T00:00:00.000Z,1.92,12.68,4.95,3.6,7.74,2.86,565
2022-12-30T00:00:00.000Z,1.67,8.38,4.09,3.2,4.78,1.226,467
2022-12-31T00:00:00.000Z,3.3,702.45,12.45,10.32,19.32,45.749,560
2023-01-01T00:00:00.000Z,2.75,54.25,8.59,5.07,18.17,10.318,554
2023-01-02T00:00:00.000Z,1.1,38.2,6.97,3.7,11.39,7.363,569
2023-01-03T00:00:00.000Z,1.25,11.27,2.59,2.22,3.25,1.746,466
2023-01-04T00:00:00.000Z,1.45,18.98,8.1,5.71,11.53,4.744,500
2023-01-05T00:00:00.000Z,0.4,5.65,1.92,1.14,2.7,1.041,559
2023-01-06T00:00:00.000Z,0.6,7.47,3.88,3.22,4.75,1.546,566
2023-01-07T00:00:00.000Z,3.2,37.13,10.45,5.68,17.42,8.581,562
2023-01-08T00:00:00.000Z,4.59,32.65,13.2,8.73,23.08,7.631,579
2023-01-09T00:00:00.000Z,2.4,23.17,16.05,10.25,17.79,5.353,552
2023-01-10T00:00:00.000Z,2.5,23.45,9.55,6.85,15.25,4.998,563
2023-01-11T00:00:00.000Z,2.5,11.18,6.13,4.93,7.57,1.73,559
2023-01-12T00:00:00.000Z,1.5,8.98,3.4,2.59,5.17,1.754,569
2023-01-13T00:00:00.000Z,1.42,8.5,4.3,3.01,5.09,1.394,509
2023-01-14T00:00:00.000Z,1.1,8,2.9,2.33,3.84,1.229,569
2023-01-15T00:00:00.000Z,0.9,5.32,2.52,2,3,0.802,459
2023-01-16T00:00:00.000Z,1.48,7.05,3.28,2.75,3.85,0.905,555
2023-01-17T00:00:00.000Z,0.82,21.08,4.71,1.63,9.89,6.248,564
2023-01-18T00:00:00.000Z,1.6,15.63,3.53,2.85,4.72,2.677,486
2023-01-19T00:00:00.000Z,4.9,25,13.77,12.1,15.93,4.221,572
2023-01-20T00:00:00.000Z,0.5,21.85,3.7,2.39,9.69,4.76,564
2023-01-21T00:00:00.000Z,1.5,15.93,6.82,4.26,9.6,3.293,569
2023-01-22T00:00:00.000Z,2.1,10.63,3.8,2.8,5.45,1.42,577
2023-01-23T00:00:00.000Z,2,18.6,2.72,2.47,3.55,1.435,490
2023-01-24T00:00:00.000Z,3.15,49.5,7.19,4.13,19.05,7.561,570
2023-01-25T00:00:00.000Z,14.88,37.08,28.35,26.63,30.27,3.62,525
2023-01-26T00:00:00.000Z,0.6,24.45,11.06,1.1,15.27,7.903,566
2023-01-27T00:00:00.000Z,0.7,18.1,1.4,1.2,4.7,2.622,443
2023-01-28T00:00:00.000Z,4.2,18.77,8.9,7.18,11.6,2.946,570
2023-01-29T00:00:00.000Z,1.35,10.13,3.5,2.29,4.71,1.554,568
2023-01-30T00:00:00.000Z,1.67,13.3,3.42,2.91,4.15,1.665,561
2023-01-31T00:00:00.000Z,1.25,6.22,3,2.6,3.6,0.852,536
2023-02-01T00:00:00.000Z,1.1,8.07,3.63,2.75,4.82,1.387,573
2023-02-02T00:00:00.000Z,0.5,12.55,1.45,1.1,2.85,1.679,567
2023-02-03T00:00:00.000Z,0.6,9.94,1.9,1.4,3,2.007,420
2023-02-04T00:00:00.000Z,0.7,24.3,1.9,1.3,3.25,2.48,579
2023-02-05T00:00:00.000Z,1.2,16,2.67,2.1,4.95,3.267,533
2023-02-06T00:00:00.000Z,4.3,33.6,9.91,6.9,13.75,5.999,476
2023-02-07T00:00:00.000Z,8.5,34.72,17.14,14.73,22.98,5.776,495
2023-02-08T00:00:00.000Z,7.43,52.7,24.6,18.57,30.4,9.706,427
2023-02-09T00:00:00.000Z,15.57,35.95,25.34,21.3,29.05,4.82,354
2023-02-10T00:00:00.000Z,2.65,12.5,4.59,3.85,6.15,2.238,331
2023-02-11T00:00:00.000Z,2.4,21.2,6.2,3.9,9.68,3.186,474
2023-02-12T00:00:00.000Z,0.9,15.98,2.29,1.88,8.5,4.298,559
2023-02-13T00:00:00.000Z,1.2,4.95,2.63,1.89,3.03,0.727,437
2023-02-14T00:00:00.000Z,3.1,32.04,5.95,4.72,14.07,7.769,479
2023-02-15T00:00:00.000Z,29.13,60.8,35.94,32.92,40.78,5.547,454
2023-02-16T00:00:00.000Z,38.67,137.63,102.16,80.18,119.8,26.009,462
2023-02-17T00:00:00.000Z,3.3,113.35,16.92,5.28,83.03,37.27,403
2023-02-18T00:00:00.000Z,1.85,6.45,3.58,2.83,4.25,0.892,569
2023-02-19T00:00:00.000Z,1.02,4.09,2.13,1.7,2.6,0.618,467
2023-02-20T00:00:00.000Z,1.67,13.32,6.1,4.5,7.1,2.254,564
2023-02-21T00:00:00.000Z,1.52,11.27,3.76,2.38,6.95,2.403,560
2023-02-22T00:00:00.000Z,1.1,73.56,3.46,2.17,6.59,4.572,452
2023-02-23T00:00:00.000Z,2.47,55.58,15.02,8.26,34.85,15.153,421
2023-02-24T00:00:00.000Z,0.7,7.35,2.5,1.6,3.2,1.273,565
2023-02-25T00:00:00.000Z,0.8,3.33,1.38,1.17,1.6,0.371,471
2023-02-26T00:00:00.000Z,0.7,4.82,1.62,1.27,2.34,0.738,568
2023-02-27T00:00:00.000Z,1.4,9.02,3.55,3.08,4.38,1.256,565
2023-02-28T00:00:00.000Z,2.33,23.55,9.43,6,11.95,4.064,459
2023-03-01T00:00:00.000Z,0.5,33.54,8.3,2.17,13.98,7.854,571
2023-03-02T00:00:00.000Z,0.5,16.88,6.69,1.67,9.82,4.335,568
2023-03-03T00:00:00.000Z,2.65,23.58,9.5,4.98,15.26,5.893,549
2023-03-04T00:00:00.000Z,0.5,6.25,1.65,0.97,3.4,1.361,573
2023-03-05T00:00:00.000Z,0.6,5.05,1.55,1.14,1.98,0.669,575
2023-03-06T00:00:00.000Z,0.98,9.4,2.78,1.85,3.5,1.366,567
2023-03-07T00:00:00.000Z,0.85,26.8,2.66,1.8,5.68,5.572,566
2023-03-08T00:00:00.000Z,0.47,7.1,1.4,0.99,2,1.322,576
2023-03-09T00:00:00.000Z,0.8,8.23,2.7,1.2,3.99,1.465,501
2023-03-10T00:00:00.000Z,1.7,11.95,3.2,2.5,6.13,2.055,573
2023-03-11T00:00:00.000Z,0.6,9.55,2.45,1.65,3.38,1.419,574
2023-03-12T00:00:00.000Z,0.8,11.3,1.9,1.6,2.5,2.406,575
2023-03-13T00:00:00.000Z,2.13,45.7,6.88,5.34,18.23,12.214,569
2023-03-14T00:00:00.000Z,1.38,7.88,4.19,2.15,5.22,1.68,400
2023-03-15T00:00:00.000Z,1,9.9,2.35,1.77,3.08,0.878,570
2023-03-16T00:00:00.000Z,0.77,9.68,1.8,1.38,3.03,1.845,574
2023-03-17T00:00:00.000Z,1.88,8.94,6.8,4.55,7.6,1.957,575
2023-03-18T00:00:00.000Z,4.9,31.9,16.55,11.5,22.08,6.997,468
2023-03-19T00:00:00.000Z,21.13,49.33,34.54,28.65,39.35,6.318,567
2023-03-20T00:00:00.000Z,2.25,89.38,6.07,3.25,13.77,20.735,566
2023-03-21T00:00:00.000Z,3.67,40.4,13.27,7.63,28.3,11.162,571
2023-03-22T00:00:00.000Z,16.52,87.5,33.42,26.77,58.9,19.497,562
2023-03-23T00:00:00.000Z,1.3,44.85,4.46,3.25,32.33,14.803,570
2023-03-24T00:00:00.000Z,1.2,21.4,4.96,3.49,14.32,5.824,564
2023-03-25T00:00:00.000Z,1.33,13.57,4.28,3.35,7.25,2.734,566
2023-03-26T00:00:00.000Z,0.85,7.9,1.55,1.3,2.4,1.561,526
2023-03-27T00:00:00.000Z,0.5,8.6,1.5,1.25,2,0.969,519
2023-03-28T00:00:00.000Z,0.52,7.57,1.55,0.98,1.98,0.739,558
2023-03-29T00:00:00.000Z,1.45,32.5,11.5,7.63,23.23,9.508,487
2023-03-30T00:00:00.000Z,4.65,46.78,12.05,8.98,27.5,12.619,565
2023-03-31T00:00:00.000Z,0.9,25.95,6.05,2.78,15.2,7.466,567
2023-04-01T00:00:00.000Z,0.6,8.77,1.42,1.1,2.92,1.545,531
2023-04-02T00:00:00.000Z,0.56,10.43,1.45,1.17,1.73,0.812,560
2023-04-03T00:00:00.000Z,0.56,8.48,1.8,1.1,2.21,0.925,568
2023-04-04T00:00:00.000Z,0.7,7.82,2.04,1.35,3.72,1.484,579
2023-04-05T00:00:00.000Z,0.8,10.32,1.95,1.6,2.4,0.723,511
2023-04-06T00:00:00.000Z,1.5,14.73,4.65,3,5.67,2.128,581
2023-04-07T00:00:00.000Z,1.2,11.07,3.91,2.04,5.04,2.085,560
2023-04-08T00:00:00.000Z,1,12.38,5.67,1.9,7.19,2.665,580
2023-04-09T00:00:00.000Z,0.6,10.65,2.6,1.55,4.22,2.299,582
2023-04-10T00:00:00.000Z,1.55,9.48,4.09,3.15,4.72,1.287,487
2023-04-11T00:00:00.000Z,0.5,20.55,6.6,3.9,14.23,5.792,578
2023-04-12T00:00:00.000Z,1.23,15.77,4.28,2.47,9.23,3.463,579
2023-04-13T00:00:00.000Z,1.1,20.39,3.6,1.9,11,6.105,579
2023-04-14T00:00:00.000Z,7.45,27.1,17.38,14.15,19.89,3.957,580
2023-04-15T00:00:00.000Z,7.13,28.2,10.9,9.75,16.92,5.193,579
2023-04-16T00:00:00.000Z,3.6,14,7.18,5.78,9.75,2.482,528
2023-04-17T00:00:00.000Z,7.3,20.58,14,11.25,15.7,3.225,158
2023-04-18T00:00:00.000Z,0.7,7.13,2.44,1.5,3.98,1.716,376
2023-04-19T00:00:00.000Z,0.7,2.04,1.27,1.12,1.5,0.258,497
2023-04-20T00:00:00.000Z,1.23,5.2,3.5,1.92,3.92,1.063,582
2023-04-21T00:00:00.000Z,0.6,5.47,2.04,1.27,3.55,1.275,519
2023-04-22T00:00:00.000Z,1.27,4.88,2.9,2.29,3.38,0.806,509
2023-04-23T00:00:00.000Z,1.5,30.4,7.65,4,12.49,7.865,373
2023-04-24T00:00:00.000Z,1.1,33.7,10.82,4.32,25.1,10.686,522
2023-04-25T00:00:00.000Z,2.1,7.85,4.42,3.83,5.2,1.071,366
2023-04-26T00:00:00.000Z,0.85,5.5,1.83,1.35,2.6,0.958,460
2023-04-27T00:00:00.000Z,0.7,4.34,1.67,1.23,2.63,0.814,583
2023-04-28T00:00:00.000Z,0.8,5.97,2.88,1.75,3.85,1.283,395
2023-04-29T00:00:00.000Z,1.23,7.35,3.78,2.87,4.65,1.311,568
2023-04-30T00:00:00.000Z,1.3,16.8,4.34,2.4,5.09,2.919,401
2023-05-01T00:00:00.000Z,1.88,21.42,4.78,3.1,14.3,5.942,500
2023-05-02T00:00:00.000Z,0.7,28.02,1.9,1.2,3.58,5.353,507
2023-05-03T00:00:00.000Z,0.68,5.5,3.13,1.92,3.9,1.161,415
2023-05-04T00:00:00.000Z,0.6,14.73,1.95,1.2,3.1,2.507,581
2023-05-05T00:00:00.000Z,0.73,3.92,1.6,1.21,2.17,0.6,416
2023-05-06T00:00:00.000Z,0.9,5.82,2.29,1.83,2.7,0.664,579
2023-05-07T00:00:00.000Z,1.5,6.22,3,2.38,3.64,0.813,448
2023-05-15T00:00:00.000Z,1.7,7.72,3.28,2.5,4.68,1.59,582
2023-05-16T00:00:00.000Z,2.25,22.7,4.47,3.47,11.2,5.799,466
2023-05-17T00:00:00.000Z,0.45,4.95,1.24,0.9,2.5,1.039,566
2023-05-18T00:00:00.000Z,1.88,6.22,2.8,2.5,3.38,0.689,580
2023-05-19T00:00:00.000Z,0.6,100.07,2.22,1.4,5.25,12.218,579
2023-05-20T00:00:00.000Z,0.38,4.82,1.33,0.9,1.7,0.514,584
2023-05-21T00:00:00.000Z,1.45,16.6,2.5,2,4.3,1.396,577
2023-05-22T00:00:00.000Z,1.2,4.75,1.92,1.67,2.38,0.592,542
2023-05-23T00:00:00.000Z,2.6,28.42,4.8,3.82,10.05,5.547,572
2023-05-24T00:00:00.000Z,0.9,42.05,5.92,4.12,8.84,5.968,576
2023-05-25T00:00:00.000Z,0.3,2.52,0.8,0.6,1,0.344,529
2023-05-26T00:00:00.000Z,0.1,3.9,0.6,0.4,0.95,0.532,429
2023-05-27T00:00:00.000Z,0.1,3.03,0.6,0.5,0.77,0.365,426
2023-05-28T00:00:00.000Z,0.2,2.22,0.6,0.43,0.75,0.293,447
2023-05-29T00:00:00.000Z,0.1,2.25,0.5,0.3,0.6,0.35,486
2023-05-30T00:00:00.000Z,0.1,2.15,0.5,0.4,0.55,0.199,582
2023-05-31T00:00:00.000Z,0.3,1.95,0.6,0.5,0.73,0.227,349
2023-06-01T00:00:00.000Z,0.1,2.67,0.6,0.43,0.82,0.357,570
2023-06-02T00:00:00.000Z,0.1,1.95,0.4,0.2,0.52,0.257,542
2023-06-03T00:00:00.000Z,0.1,1.17,0.4,0.3,0.5,0.183,468
2023-06-04T00:00:00.000Z,0.2,2.58,0.6,0.5,0.7,0.277,579
2023-06-05T00:00:00.000Z,0.17,2.29,0.6,0.5,0.8,0.308,577
2023-06-06T00:00:00.000Z,0.2,3.63,1.08,0.7,1.58,0.627,358
2023-06-07T00:00:00.000Z,1,5.13,2.1,1.7,2.5,0.722,575
2023-06-08T00:00:00.000Z,1.42,8.73,3.1,2.65,4.07,1.696,412
2023-06-09T00:00:00.000Z,0.6,8.35,1.15,0.95,2.22,1.859,498
2023-06-10T00:00:00.000Z,0.2,2.1,0.73,0.6,0.93,0.253,539
2023-06-11T00:00:00.000Z,0.3,2.72,1,0.7,1.25,0.37,564
2023-06-12T00:00:00.000Z,0.5,2.4,1.02,0.85,1.4,0.399,570
2023-06-13T00:00:00.000Z,0.5,2.29,1.12,0.95,1.3,0.264,567
2023-06-14T00:00:00.000Z,0.63,2.78,1.4,1.27,1.65,0.313,571
2023-06-15T00:00:00.000Z,0.9,3.13,1.7,1.45,2.13,0.441,521
2023-06-16T00:00:00.000Z,1.3,20.95,2.65,1.95,3.21,1.267,565
2023-06-17T00:00:00.000Z,0.9,11.8,2.92,2.45,3.6,2.314,495
2023-06-18T00:00:00.000Z,1.6,10.43,3.42,2.88,4.26,1.678,553
2023-06-19T00:00:00.000Z,2.2,13.45,5.63,3.35,8.75,2.951,375
2023-06-20T00:00:00.000Z,3.08,13.15,4.4,3.9,5.35,2.359,574
2023-06-21T00:00:00.000Z,1.45,11.88,5.05,3.1,6.3,2.397,574
2023-06-22T00:00:00.000Z,1.27,5.57,3.13,1.88,4,1.158,504
2023-06-23T00:00:00.000Z,1,12.23,3.62,2.42,5.3,1.886,522
2023-06-24T00:00:00.000Z,1.17,75.25,4.25,2.1,5.35,4.198,543
2023-06-25T00:00:00.000Z,1.7,10.65,4.07,2.6,6.18,2.186,542
2023-06-26T00:00:00.000Z,1.1,19.67,4.55,2.75,9.15,4.783,494
2023-06-27T00:00:00.000Z,1.02,5.5,2.29,1.92,2.88,0.778,555
2023-06-28T00:00:00.000Z,1.3,10.25,3.2,2.29,4.84,2.039,552
2023-06-29T00:00:00.000Z,1.1,20.75,5.05,3.42,13.63,5.517,568
2023-06-30T00:00:00.000Z,0.5,41.63,1.45,1.14,1.92,10.856,569
2023-07-01T00:00:00.000Z,1.27,10.52,3.75,1.98,5.25,2.128,375
2023-07-02T00:00:00.000Z,1.14,5.57,2.6,2.17,3.47,0.841,570
2023-07-03T00:00:00.000Z,0.6,3.8,1.6,1.25,2,0.542,567
2023-07-04T00:00:00.000Z,0.77,4.45,1.7,1.3,2.22,0.643,383
2023-07-05T00:00:00.000Z,0.93,5.97,2.4,1.55,3.54,1.173,349
2023-07-06T00:00:00.000Z,0.7,3.08,1.42,1.17,1.8,0.447,291
2023-07-07T00:00:00.000Z,0.5,3.08,1.4,1.1,1.7,0.403,476
2023-07-08T00:00:00.000Z,1.1,3.97,1.88,1.6,2.52,0.624,283
2023-07-09T00:00:00.000Z,0.8,6.07,2.97,1.73,3.47,1.183,368
2023-07-10T00:00:00.000Z,1.05,10.5,4.22,2.72,5.07,1.795,367
2023-07-11T00:00:00.000Z,0.68,10.27,1.7,1.3,2.63,1.606,574
2023-07-12T00:00:00.000Z,0.73,10.43,1.9,1.3,4.95,2.38,574
2023-07-13T00:00:00.000Z,0.5,16.98,1.73,1.2,2.27,1.193,575
2023-07-14T00:00:00.000Z,0.6,9.44,1.8,1.23,2.4,0.933,547
2023-07-15T00:00:00.000Z,1.35,5,2.29,2,2.63,0.553,579
2023-07-16T00:00:00.000Z,1.02,5.97,2.4,2,3,0.821,583
2023-07-17T00:00:00.000Z,0.6,4.97,2.54,1.62,3.14,0.926,385
2023-07-18T00:00:00.000Z,0.45,130.97,1.33,1.09,2.13,5.696,529
2023-07-19T00:00:00.000Z,0.6,2.54,1.3,1.1,1.55,0.343,449
2023-07-20T00:00:00.000Z,0.3,3.15,1.58,1.09,1.94,0.611,564
2023-07-21T00:00:00.000Z,0.8,5.6,1.7,1.3,2.9,1.142,574
2023-07-22T00:00:00.000Z,0.4,4.32,1.6,0.8,2.25,0.881,547
2023-07-23T00:00:00.000Z,0.7,15.7,3.92,3.1,6.35,3.003,556
2023-07-24T00:00:00.000Z,0.6,9.6,1.85,1.17,6.25,2.911,584
2023-07-25T00:00:00.000Z,0.6,4.5,1.77,1.17,2.33,0.85,583
2023-07-26T00:00:00.000Z,0.5,4.13,1.4,1.02,2.1,0.643,566
2023-07-27T00:00:00.000Z,0.8,11.45,2.5,2,5.07,2.363,583
2023-07-28T00:00:00.000Z,1,27.67,2.33,1.8,8.63,5.691,557
2023-07-29T00:00:00.000Z,0.8,8,2.9,2.22,3.6,1.594,584
2023-07-30T00:00:00.000Z,0.98,5.43,2.6,1.9,3.22,0.945,582
2023-07-31T00:00:00.000Z,0.5,4.7,1.8,1.4,2.29,0.665,586
2023-08-01T00:00:00.000Z,0.5,5.95,1.17,0.9,1.7,0.912,584
2023-08-02T00:00:00.000Z,0.4,6.55,1.4,0.9,2.9,1.346,582
2023-08-03T00:00:00.000Z,0.35,9.15,2.15,1.58,4,2.254,572
2023-08-04T00:00:00.000Z,0.9,8.93,2.1,1.73,2.9,1.823,545
2023-08-05T00:00:00.000Z,0.6,3.55,1.7,1,2.08,0.611,566
2023-08-06T00:00:00.000Z,1.02,4.72,3.08,2.42,3.65,0.841,571
2023-08-07T00:00:00.000Z,0.9,8.52,2.25,1.7,3.6,1.775,586
2023-08-08T00:00:00.000Z,1.14,6.3,2.17,1.9,2.54,0.527,583
2023-08-09T00:00:00.000Z,0.8,4.84,1.83,1.4,2.58,0.762,582
2023-08-10T00:00:00.000Z,1.08,17.2,1.95,1.67,2.4,0.835,570
2023-08-11T00:00:00.000Z,1.1,7.45,2.13,1.77,3.08,1.235,574
2023-08-12T00:00:00.000Z,0.8,31.4,2.2,1.4,9.93,7.026,584
2023-08-13T00:00:00.000Z,1.55,20.58,3.59,2.47,9.52,4.97,582
2023-08-14T00:00:00.000Z,0.9,18.17,3.7,1.6,10.4,4.725,573
2023-08-15T00:00:00.000Z,1.4,21.85,5.4,3.95,8.85,4.74,571
2023-08-16T00:00:00.000Z,0.43,6.3,1.4,0.85,2.1,1.13,581
2023-08-17T00:00:00.000Z,0.6,6.53,1.48,1.1,1.98,0.999,581
2023-08-18T00:00:00.000Z,0.6,6.05,1.77,1.17,2.4,1.178,582
2023-08-19T00:00:00.000Z,1.5,9.73,3.4,2.54,6.05,1.938,574
2023-08-20T00:00:00.000Z,1.02,23.35,4.82,2.22,7.27,3.592,544
2023-08-21T00:00:00.000Z,0.56,9.27,2.13,1.13,3.4,2.087,560
2023-08-22T00:00:00.000Z,0.47,8.52,2.1,1.4,2.72,1.5,546
2023-08-23T00:00:00.000Z,0.5,9.1,2,1.5,3.53,1.867,579
2023-08-24T00:00:00.000Z,0.4,21.65,1.58,0.9,2.29,1.211,575
2023-08-25T00:00:00.000Z,0.9,9.75,3.82,3.16,5.78,1.969,576
2023-08-26T00:00:00.000Z,0.4,46.92,2.47,1.42,13.63,10.268,583
2023-08-27T00:00:00.000Z,0.85,8.65,2.52,1.95,4.28,1.645,562
2023-08-28T00:00:00.000Z,0.4,9.35,1.5,0.8,3.68,2.257,580
2023-08-29T00:00:00.000Z,0.7,10.3,1.7,1.2,2.31,1.831,580
2023-08-30T00:00:00.000Z,0.4,5.3,1.5,0.8,2.47,1.102,578
2023-08-31T00:00:00.000Z,1,11.52,4.03,3.1,4.97,2.017,574
2023-09-01T00:00:00.000Z,0.77,23.27,2.1,1.38,3.15,1.456,576
2023-09-02T00:00:00.000Z,0.95,19.64,2.17,1.65,5.09,3.97,581
2023-09-03T00:00:00.000Z,1,4.9,2.04,1.76,2.42,0.68,560
2023-09-04T00:00:00.000Z,1,8.75,4.22,1.88,5.53,1.978,565
2023-09-05T00:00:00.000Z,1.17,27.3,4.7,2.1,5.99,4.573,576
2023-09-06T00:00:00.000Z,0.9,30.35,5.22,2.63,8.8,6.326,566
2023-09-07T00:00:00.000Z,1.2,15.1,3.75,1.92,5.55,3.626,584
2023-09-08T00:00:00.000Z,1.83,17.5,7.29,3.38,11.15,4.102,570
2023-09-09T00:00:00.000Z,3.65,45.42,10.6,4.88,22.58,11.018,571
2023-09-10T00:00:00.000Z,5.72,37.38,21.48,17.77,28.25,7.298,578
2023-09-18T00:00:00.000Z,2.97,16.2,5.93,4.38,9.59,3.441,564
2023-09-19T00:00:00.000Z,0.85,6,2.2,1.8,2.7,0.855,541
2023-09-20T00:00:00.000Z,1.27,7.97,2.8,2.38,3.58,1.287,546
2023-09-21T00:00:00.000Z,1.27,4.45,2.7,2,3.05,0.703,576
2023-09-22T00:00:00.000Z,0.3,19.02,4.5,2,5.55,3.736,538
2023-09-23T00:00:00.000Z,0.4,19.52,1.77,1.02,5.85,3.81,579
2023-09-24T00:00:00.000Z,0.98,6.57,1.67,1.38,2.02,0.666,550
2023-09-25T00:00:00.000Z,0.82,16.63,2.29,1.7,5.05,3.83,579
2023-09-26T00:00:00.000Z,1.52,31.77,12.06,4.62,14.24,6.596,544
2023-09-27T00:00:00.000Z,2.27,56.05,15.75,5.05,28.95,13.62,572
2023-09-28T00:00:00.000Z,3.65,53.58,10.35,5.4,36.15,16.683,575
2023-09-29T00:00:00.000Z,1.2,36.83,4.7,3.67,9.03,7.576,524
2023-09-30T00:00:00.000Z,1.05,5.75,2.35,1.9,3.72,1.096,569
2023-10-01T00:00:00.000Z,1.27,30.55,2.29,1.9,4,6.67,542
2023-10-02T00:00:00.000Z,3.88,56.6,25,15.8,29.9,11.704,554
2023-10-03T00:00:00.000Z,0.6,61.92,9.32,2.72,39.1,19.739,563
2023-10-04T00:00:00.000Z,1.77,6.2,3.45,2.7,4,0.91,574
2023-10-05T00:00:00.000Z,0.8,8.75,1.98,1.4,2.82,1.724,569
2023-10-06T00:00:00.000Z,1.02,17.63,3.3,2.63,4.97,4.105,574
2023-10-07T00:00:00.000Z,0.4,7,1.05,0.8,1.41,1.485,573
2023-10-08T00:00:00.000Z,0.3,12.07,1.05,0.7,1.7,0.936,573
2023-10-09T00:00:00.000Z,0.6,6.5,1.7,1.2,3.78,1.309,566
2023-10-10T00:00:00.000Z,1.1,50.22,5.57,3.65,10.07,11.126,544
2023-10-11T00:00:00.000Z,1.14,71.3,6.8,3.33,22.7,18.516,571
2023-10-12T00:00:00.000Z,1.6,6.13,2.95,2.45,4.03,0.947,566
2023-10-13T00:00:00.000Z,1.5,39.72,6.6,3.96,10.35,4.785,565
2023-10-14T00:00:00.000Z,1,16.14,2.5,2.13,2.91,1.58,541
2023-10-15T00:00:00.000Z,0.73,10.1,2.22,1.65,2.67,0.782,569
2023-10-16T00:00:00.000Z,0.4,5.09,1.4,0.85,1.83,0.694,571
2023-10-17T00:00:00.000Z,0.63,8.05,1.52,1.2,1.88,0.579,569
2023-10-18T00:00:00.000Z,0.4,3.47,1.4,1,1.77,0.519,562
2023-10-19T00:00:00.000Z,0.7,3.67,1.5,1.12,2.27,0.622,567
2023-10-20T00:00:00.000Z,0.98,3.9,1.7,1.42,2.17,0.544,575
2023-10-21T00:00:00.000Z,0.45,9.82,1.1,0.73,1.48,2.139,555
2023-10-22T00:00:00.000Z,1.2,20.45,3.6,2.1,10.98,5.593,572
2023-10-23T00:00:00.000Z,0.82,4.3,1.8,1.5,2.13,0.455,532
2023-10-24T00:00:00.000Z,0.9,9.23,2.9,1.97,4,1.655,577
2023-10-25T00:00:00.000Z,0.7,3.25,1.77,1.4,2.24,0.513,577
2023-10-26T00:00:00.000Z,0.77,11.9,2.02,1.63,2.47,0.939,547
2023-10-27T00:00:00.000Z,0.7,16.42,1.65,1.2,2.1,1.064,574
2023-10-28T00:00:00.000Z,1.8,6.32,3.42,2.83,4.18,0.873,576
2023-10-29T00:00:00.000Z,1.3,26.1,3.9,2.42,7.15,4.237,574
2023-10-30T00:00:00.000Z,1.52,8.25,2.65,2.25,3,0.69,561
2023-10-31T00:00:00.000Z,0.55,16.5,1.58,1,4.8,3.113,570
2023-11-01T00:00:00.000Z,0.4,13.68,1,0.8,1.52,3.108,531
2023-11-02T00:00:00.000Z,1.8,33.47,4.8,3.5,6.88,5.463,549
2023-11-03T00:00:00.000Z,1.12,24.58,3,2.15,15.68,8.032,555
2023-11-04T00:00:00.000Z,1.1,13.07,3.4,1.8,7.84,3.505,569
2023-11-05T00:00:00.000Z,1.45,12.5,4.87,3.28,6.4,2.817,546
2023-11-06T00:00:00.000Z,0.95,27.45,8.99,2.1,14.15,8.361,486
2023-11-07T00:00:00.000Z,1.48,12.25,5.75,4.5,8.18,2.546,544
2023-11-08T00:00:00.000Z,0.93,22.75,7.43,1.98,11.48,5.953,542
2023-11-09T00:00:00.000Z,1.4,14.85,5.17,3.1,7.9,3.124,490
2023-11-10T00:00:00.000Z,0.82,17.98,3.47,2.4,6.05,3.793,527
2023-11-11T00:00:00.000Z,0.9,22.92,4.72,3.04,7.01,5.655,537
2023-11-12T00:00:00.000Z,2,21.13,6.04,4.01,7.65,3.184,276
2023-11-13T00:00:00.000Z,1.6,18.17,4.45,3.67,6.47,3.819,515
2023-11-14T00:00:00.000Z,0.93,7.1,2.19,1.73,2.91,1.287,484
2023-11-15T00:00:00.000Z,0.6,12.13,1.79,1.2,3.03,1.271,540
2023-11-16T00:00:00.000Z,0.6,9.88,0.9,0.8,1.04,0.533,572
2023-11-17T00:00:00.000Z,0.65,8.94,1.38,1,2.1,0.996,510
2023-11-18T00:00:00.000Z,1.4,10.13,3.75,3.08,6.06,1.904,541
2023-11-19T00:00:00.000Z,1.8,14.73,7.87,4.4,10.65,3.529,510
2023-11-20T00:00:00.000Z,4.63,13.13,7.55,6.1,10.27,2.242,527
2023-11-21T00:00:00.000Z,2.08,9.77,4.9,3.19,6.06,1.645,481
2023-11-22T00:00:00.000Z,0.93,15.98,3.4,1.5,4.3,2.852,513
2023-11-23T00:00:00.000Z,0.98,11.2,2.67,2.19,3.3,1.581,533
2023-11-24T00:00:00.000Z,0.7,4.38,1.7,1.4,2.15,0.6,543
2023-11-25T00:00:00.000Z,0.7,10.8,1.7,1.5,2.04,0.659,556
2023-11-26T00:00:00.000Z,0.77,12.25,3.33,2.5,4.13,1.557,547
2023-11-27T00:00:00.000Z,1.92,13.95,3.42,2.95,4.07,1.188,538
2023-11-28T00:00:00.000Z,1.3,12.18,3.55,2.67,6.13,2.319,563
2023-11-29T00:00:00.000Z,2.83,10,4.78,4.09,5.78,1.258,571
2023-11-30T00:00:00.000Z,1.58,9.02,3.92,2.57,4.96,1.706,569
2023-12-01T00:00:00.000Z,2.4,7.63,3.99,3.25,4.57,0.838,578
2023-12-02T00:00:00.000Z,1.8,31,3.85,2.8,5.18,2.448,491
2023-12-03T00:00:00.000Z,3,89.35,4.13,3.75,5.57,4.927,515
2023-12-04T00:00:00.000Z,6.45,19.32,11.25,8.09,12.97,3.189,572
2023-12-05T00:00:00.000Z,1.7,13.98,5.04,4.13,6.88,2.538,540
2023-12-06T00:00:00.000Z,4.59,22.77,13.94,7.91,16.14,4.94,552
2023-12-07T00:00:00.000Z,7.8,42.13,16.94,12.27,20.29,5.619,584
2023-12-08T00:00:00.000Z,7.78,34.29,25.15,21.73,27.48,5.382,583
2023-12-09T00:00:00.000Z,12.82,47.38,28.2,25.52,33.46,7.046,581
2023-12-10T00:00:00.000Z,5.03,29.23,17.67,13.17,21.87,5.598,564
2023-12-11T00:00:00.000Z,1.2,31.7,5.7,3,7.28,3.086,578
2023-12-12T00:00:00.000Z,2.7,9.94,3.92,3.42,4.78,1.118,580
2023-12-13T00:00:00.000Z,2.22,8.38,3.95,3.45,4.82,1.191,585
2023-12-14T00:00:00.000Z,2.33,21.48,3.72,3.28,5.6,2.229,574
2023-12-15T00:00:00.000Z,3.72,26.35,11.18,5.75,15.69,6.208,532
2023-12-16T00:00:00.000Z,2.83,29.13,5.7,4.32,10.82,6.478,578
2023-12-17T00:00:00.000Z,2.33,9.02,4.8,4.09,5.65,1.267,579
2023-12-18T00:00:00.000Z,2.92,33.78,9.63,6.57,16.48,6.531,585
2023-12-19T00:00:00.000Z,1.38,14.7,3.03,2.5,4.22,2.395,580
2023-12-20T00:00:00.000Z,0.9,6.95,2.7,2.13,3.47,1.14,584
2023-12-21T00:00:00.000Z,1.05,7.25,3.15,2.27,4.37,1.306,581
2023-12-22T00:00:00.000Z,0.9,5.22,2.38,1.88,3.1,0.871,576
2023-12-23T00:00:00.000Z,0.82,6.25,1.65,1.45,1.98,0.697,557
2023-12-24T00:00:00.000Z,0.7,21.9,3.44,1.9,4.88,2.998,576
2023-12-25T00:00:00.000Z,2.2,8.38,4.18,3.5,4.84,1.02,581
2023-12-26T00:00:00.000Z,0.7,6.7,2.22,1.6,3.1,1.11,513
2023-12-27T00:00:00.000Z,2,27.73,3.47,3.03,4.2,1.818,582
2023-12-28T00:00:00.000Z,1.77,12.75,6.18,4.55,7.72,2.417,583
2023-12-29T00:00:00.000Z,1.23,6.97,3.3,2.42,4.47,1.264,579
2023-12-30T00:00:00.000Z,1.05,6.13,2.88,2.04,3.54,0.985,584
2023-12-31T00:00:00.000Z,4.22,52.17,8.13,6.97,9.07,4.836,576
2024-01-01T00:00:00.000Z,0.6,28.1,17.05,2.88,22.99,9.709,576
2024-01-02T00:00:00.000Z,0.6,4.68,1.35,0.85,2.47,0.958,562
2024-01-03T00:00:00.000Z,0.82,5.15,1.52,1.3,2.1,0.906,571
2024-01-04T00:00:00.000Z,1.02,17.45,2.27,1.77,3.35,1.291,583
2024-01-05T00:00:00.000Z,2.92,13.25,4.43,3.95,5,1.063,581
2024-01-06T00:00:00.000Z,1.75,8.13,4.13,3.6,4.59,0.953,585
2024-01-07T00:00:00.000Z,2.42,16.5,4.05,3.53,5.03,1.532,583
2024-01-08T00:00:00.000Z,1.42,28.63,3.97,2.97,6.1,2.24,583
2024-01-09T00:00:00.000Z,2.4,21.67,5.4,4.3,10.73,4.572,583
2024-01-10T00:00:00.000Z,4.9,18.2,9.05,7.6,10.55,2.199,583
2024-01-11T00:00:00.000Z,4.84,24.98,9.18,7.55,11.23,2.793,582
2024-01-12T00:00:00.000Z,4.9,33.28,12.85,9.44,15.23,4.589,547
2024-01-13T00:00:00.000Z,1.4,25.92,3.25,2.63,6.49,6.803,505
2024-01-14T00:00:00.000Z,1.3,4.28,2.5,2.17,2.9,0.525,555
2024-01-29T00:00:00.000Z,2.4,13.6,3.7,3.17,5.44,2.258,584
2024-01-30T00:00:00.000Z,8.75,44.1,22.48,17.41,26.29,6.416,581
2024-01-31T00:00:00.000Z,1.17,23.55,3.35,2.46,9.41,5.285,560
2024-02-01T00:00:00.000Z,2.25,16.07,4.8,3.79,5.75,1.926,560
2024-02-02T00:00:00.000Z,2.33,12.77,5.03,4.25,6.38,2.375,567
2024-02-03T00:00:00.000Z,2.2,6.65,3.72,3.3,4.38,0.796,573
2024-02-04T00:00:00.000Z,0.77,6.1,3.97,3.1,4.48,1.131,573
2024-02-05T00:00:00.000Z,1,7.28,2.38,1.9,3.05,1.105,585
2024-02-06T00:00:00.000Z,0.8,14.88,2.04,1.6,3.25,2.099,574
2024-02-07T00:00:00.000Z,0.7,4.2,1.73,1.42,2.25,0.623,572
2024-02-08T00:00:00.000Z,0.7,8.4,1.67,1.3,2.85,1.262,566
2024-02-09T00:00:00.000Z,1.17,6.32,2.33,1.9,3.05,1.115,579
2024-02-10T00:00:00.000Z,1.92,11.95,6.6,4.53,7.93,2.237,498
2024-02-11T00:00:00.000Z,3.8,9.55,6.32,5.72,6.97,0.935,575
2024-02-12T00:00:00.000Z,1.1,10.52,2.74,1.98,5.65,2.344,580
2024-02-13T00:00:00.000Z,2.83,39.72,11.02,7.35,16.75,8.742,497
2024-02-14T00:00:00.000Z,3.45,38.29,16.25,5.64,30.24,11.75,549
2024-02-15T00:00:00.000Z,2.65,22.83,12.43,9.05,15.09,4.443,540
2024-02-16T00:00:00.000Z,0.9,38.2,7.95,6.1,19.64,8.217,579
2024-02-17T00:00:00.000Z,0.4,11.02,1.2,0.9,2.16,1.603,545
2024-02-18T00:00:00.000Z,1.5,15.9,7.13,3,12.1,4.633,570
2024-02-19T00:00:00.000Z,1.48,18.88,4.59,3,15.23,6.014,527
2024-02-20T00:00:00.000Z,2.22,9.4,4.63,4.13,5.28,1.086,497
2024-02-21T00:00:00.000Z,1.65,29.88,4.22,2.95,16.13,8.319,579
2024-02-22T00:00:00.000Z,3.03,17.45,9.32,7.67,10.82,2.785,584
2024-02-23T00:00:00.000Z,0.73,19.17,1.7,1.4,2,3.507,557
2024-02-24T00:00:00.000Z,1.25,9.4,2.25,1.88,3.03,0.91,506
2024-02-25T00:00:00.000Z,0.8,24.25,2.83,1.55,4.63,4.587,449
2024-02-26T00:00:00.000Z,1.7,32.33,16.75,7.69,22.78,8.733,525
2024-02-27T00:00:00.000Z,3.97,21.48,8.44,6.7,11.75,3.885,578
2024-02-28T00:00:00.000Z,9.68,39.35,17.45,14.35,29.9,9.045,543
2024-02-29T00:00:00.000Z,16.23,30.2,19.89,18.5,22.22,2.549,548
2024-03-01T00:00:00.000Z,19.77,74.3,53.05,33.08,59.45,15.458,551
2024-03-02T00:00:00.000Z,36.88,85.05,60.22,51.25,66.13,10.597,503
2024-03-03T00:00:00.000Z,20.38,52.75,39.84,23.92,45.15,9.929,514
2024-03-04T00:00:00.000Z,3,22.52,7.8,4.78,16.88,6.108,523
2024-03-05T00:00:00.000Z,4.03,18.23,6.05,5.32,6.85,1.396,530
2024-03-06T00:00:00.000Z,3.55,22.9,6.72,5.63,8.13,2.068,463
2024-03-07T00:00:00.000Z,2.35,18.77,7.56,3.59,8.64,2.774,572
2024-03-08T00:00:00.000Z,1.9,15.5,5.24,3.58,7.1,2.862,522
2024-03-09T00:00:00.000Z,0.98,16.3,4.46,2,7.7,3.323,498
2024-03-10T00:00:00.000Z,3.5,18.25,9.48,5.56,10.94,3.459,572
2024-03-11T00:00:00.000Z,3.67,13.5,6.7,5.72,9.15,2.295,562
2024-03-12T00:00:00.000Z,3.72,12.2,8.48,6.05,10.02,2.271,578
2024-03-13T00:00:00.000Z,11.55,17.07,13.25,12.35,15.24,1.585,57
2024-03-16T00:00:00.000Z,0.75,5.2,1.5,1.3,1.75,0.685,136
2024-03-17T00:00:00.000Z,0.38,6.68,0.9,0.73,1.2,0.534,570
2024-03-18T00:00:00.000Z,0.5,2.83,1.67,1.17,1.98,0.492,584
2024-03-19T00:00:00.000Z,1.5,14.8,5.82,3.45,8.99,3.035,585
2024-03-20T00:00:00.000Z,7,57.9,19.05,12.32,24.5,8.38,583
2024-03-21T00:00:00.000Z,2.58,27.08,9.9,5.68,17.27,6.987,585
2024-03-22T00:00:00.000Z,2.38,47.95,17.05,4.4,31.5,14.623,494
2024-03-23T00:00:00.000Z,0.9,7.9,3.5,2.4,5.22,1.705,462
2024-03-24T00:00:00.000Z,1.95,20.52,8.25,6.54,13.49,4.228,528
2024-03-25T00:00:00.000Z,1,21.23,5.37,1.9,15.68,6.765,532
2024-03-26T00:00:00.000Z,1.73,20.14,6.55,3.45,10.65,4.167,578
2024-03-27T00:00:00.000Z,4.03,14.68,10.16,5.8,12.25,3.193,590
2024-03-28T00:00:00.000Z,3.47,52.9,11.14,8.47,12.77,10.52,572
2024-03-29T00:00:00.000Z,1.1,22.73,2.29,1.8,11.8,7.399,346
2024-03-30T00:00:00.000Z,1.8,24.7,7.18,5.21,18.7,7.267,557
2024-03-31T00:00:00.000Z,2.17,23.9,5.7,3.89,10.56,6.015,485
2024-04-01T00:00:00.000Z,2.8,18.05,6.63,5.62,8.48,2.582,349
2024-04-02T00:00:00.000Z,0.5,10.13,1,0.75,1.55,1.693,518
2024-04-03T00:00:00.000Z,1.08,5.15,2.4,1.8,2.97,0.798,538
2024-04-04T00:00:00.000Z,2.97,19.14,6.7,5.84,7.37,3.228,161
2024-04-05T00:00:00.000Z,1.12,16.88,2.9,2.1,5.6,3.41,554
2024-04-06T00:00:00.000Z,2.6,33.47,5.65,4.13,6.9,2.45,585
2024-04-07T00:00:00.000Z,0.7,6.53,2.29,1.35,3.95,1.363,581
2024-04-08T00:00:00.000Z,0.56,19.77,1.7,1.3,2.88,3.688,580
2024-04-09T00:00:00.000Z,1.55,20.9,6.07,2.63,10.78,5.154,577
2024-04-10T00:00:00.000Z,0.77,12.63,2.44,1.6,3.41,2.421,576
2024-04-11T00:00:00.000Z,2.83,16.48,5.7,4.65,8.43,2.581,381
2024-04-12T00:00:00.000Z,3.67,6.38,4.47,4.28,4.78,0.446,71
2024-04-13T00:00:00.000Z,2.15,21.7,7.6,5.18,9.68,4.562,582
2024-04-14T00:00:00.000Z,1.4,21.95,2.35,2,2.88,2.301,575
2024-04-15T00:00:00.000Z,0.98,5.45,2.15,1.77,2.47,0.642,553
2024-04-16T00:00:00.000Z,0.5,11.45,1.8,1.38,2.63,1.255,572
2024-04-17T00:00:00.000Z,0.3,24.73,1.17,0.73,3.13,4.75,574
2024-04-18T00:00:00.000Z,0.4,3.85,1.5,0.9,1.84,0.632,561
2024-04-19T00:00:00.000Z,0.73,6.97,2.7,1.5,3.4,1.287,569
2024-04-20T00:00:00.000Z,1,13.35,2.7,1.75,4.19,1.515,481
2024-04-23T00:00:00.000Z,1.8,1.8,1.8,1.8,1.8,0,1
2024-04-24T00:00:00.000Z,5.95,8.38,7,6.4,7.57,0.618,49
2024-04-25T00:00:00.000Z,1.67,11.52,4.82,2.88,7.25,2.569,555
2024-04-26T00:00:00.000Z,1.6,17.5,7.76,3.85,9.93,4.029,556
2024-04-27T00:00:00.000Z,0.88,38.03,5.2,3.33,17.39,8.896,569
2024-04-28T00:00:00.000Z,0.9,14.25,3,2.2,6.35,3.497,572
2024-04-29T00:00:00.000Z,0.8,8.13,1.6,1.3,3.5,1.828,574
2024-04-30T00:00:00.000Z,0.2,11.82,2.04,0.7,4,2.794,576
2024-05-01T00:00:00.000Z,1.73,5.32,3.25,2.67,4.07,0.811,545
2024-05-02T00:00:00.000Z,1.58,3.9,2.54,2.15,2.8,0.411,330
2024-05-03T00:00:00.000Z,1.3,4.13,2.2,1.88,2.42,0.415,246
2024-05-04T00:00:00.000Z,2.25,20.98,4.15,3.26,7.12,5.285,365
2024-05-05T00:00:00.000Z,1.1,32.5,13.95,6.28,23.35,9.396,467
2024-05-06T00:00:00.000Z,0.5,25.65,7.57,3.53,16.13,7.241,578
2024-05-07T00:00:00.000Z,0.8,6.35,2.7,2.15,3.8,1.159,575
2024-05-08T00:00:00.000Z,0.93,10.9,2.62,1.7,4.8,2.299,576
2024-05-09T00:00:00.000Z,1.98,16.02,4.78,3.67,7.92,3.19,577
2024-05-10T00:00:00.000Z,1.05,10.9,5.65,1.94,7.75,2.978,577
2024-05-11T00:00:00.000Z,1.35,116.38,5.28,2.29,7.38,5.812,578
2024-05-12T00:00:00.000Z,0.22,3.25,0.98,0.6,1.3,0.535,579
2024-05-13T00:00:00.000Z,0.2,6.05,0.9,0.6,1.14,0.471,573
2024-05-14T00:00:00.000Z,0.22,3.75,0.95,0.55,1.2,0.394,579
2024-05-15T00:00:00.000Z,0.4,3.47,1.5,0.93,2.02,0.682,577
2024-05-16T00:00:00.000Z,1.6,569.72,3,2.29,3.42,23.838,574
2024-05-17T00:00:00.000Z,1.6,999.9,999.9,66.72,999.9,429.556,578
2024-05-18T00:00:00.000Z,0.9,999.9,3.58,1.65,99,341.823,565
2024-05-19T00:00:00.000Z,0.7,5.9,2.29,1.3,3.8,1.359,555
2024-05-20T00:00:00.000Z,0.9,11.1,2.2,1.58,3.13,2.322,575
2024-05-21T00:00:00.000Z,0.5,3.25,1.6,1.23,1.88,0.46,575
2024-05-22T00:00:00.000Z,0.8,3.83,2.6,1.83,3,0.745,551
2024-05-23T00:00:00.000Z,3,29.17,4.59,3.95,10.19,5.693,549
2024-05-24T00:00:00.000Z,0.73,22.3,3.85,1.37,12.54,6.445,521
2024-05-25T00:00:00.000Z,0.88,173.1,7.8,2.8,11.54,9.713,572
2024-05-26T00:00:00.000Z,0.65,26.08,5.59,3.6,9.07,6.851,566
2024-05-27T00:00:00.000Z,0.88,10.85,3.6,2.16,5.05,2.376,581
2024-05-28T00:00:00.000Z,0.95,26.52,2.85,1.73,8.52,6.347,558
2024-05-29T00:00:00.000Z,0.82,17.32,2.17,1.5,6.75,3.553,563
2024-05-30T00:00:00.000Z,0.8,18.98,4.25,2.4,8.69,3.933,561
2024-05-31T00:00:00.000Z,1.95,20.95,4.62,3.28,6.42,4.255,552
2024-06-01T00:00:00.000Z,1.55,10.23,4.18,3,5.54,1.964,564
2024-06-02T00:00:00.000Z,1.7,40.5,4.4,2.67,7,9.054,578
2024-06-03T00:00:00.000Z,0.8,14.77,2.27,1.8,4.09,3.626,577
2024-06-04T00:00:00.000Z,0.8,6.05,3,2.02,3.84,1.165,573
2024-06-05T00:00:00.000Z,0.9,15.32,2.58,2,4.44,2.547,545
2024-06-06T00:00:00.000Z,1.4,8.23,3.59,2.5,5.07,1.587,566
2024-06-07T00:00:00.000Z,1.77,9.38,5.05,3.3,6.75,1.912,567
2024-06-08T00:00:00.000Z,1.3,18.23,8.3,3.73,10.47,3.875,533
2024-06-09T00:00:00.000Z,0.7,6.2,2.4,1.6,3.1,1.03,570
2024-06-10T00:00:00.000Z,1,4.93,2.54,1.95,2.97,0.726,566
2024-06-11T00:00:00.000Z,0.93,5.32,2.66,2.17,3.2,0.778,572
2024-06-12T00:00:00.000Z,0.6,4.9,1.85,1.1,3.35,1.196,571
2024-06-13T00:00:00.000Z,0.6,4.2,1.67,1.25,2.14,0.585,540
2024-06-14T00:00:00.000Z,0.7,6.55,2.65,1.4,3.94,1.459,569
2024-06-15T00:00:00.000Z,0.56,11.9,2.7,1.82,4.15,2.541,468
2024-06-16T00:00:00.000Z,0.47,6.95,1.42,0.88,2.88,1.41,567
2024-06-17T00:00:00.000Z,0.4,9.55,1.5,0.9,2.92,1.794,567
2024-06-18T00:00:00.000Z,0.8,14.02,1.95,1.42,2.74,2.402,581
2024-06-19T00:00:00.000Z,0.7,4.57,1.92,1.4,2.65,0.76,551
2024-06-20T00:00:00.000Z,0.7,4.34,2.04,1.3,2.76,0.853,565
2024-06-21T00:00:00.000Z,0.8,5.88,2.7,1.48,3.4,1.201,567
2024-06-22T00:00:00.000Z,0.88,24.02,4.53,3.2,6.47,5.225,563
2024-06-23T00:00:00.000Z,0.77,5.32,1.9,1.27,3.2,1.163,344
2024-06-24T00:00:00.000Z,1.52,1.63,1.58,1.52,1.63,0.055,2
2024-06-25T00:00:00.000Z,2.63,8.1,4.03,3.7,4.93,0.927,83
2024-06-26T00:00:00.000Z,0.7,11.13,2.2,1.4,4.2,2.817,563
2024-06-27T00:00:00.000Z,1.5,22.13,2.97,2.27,4.25,3.355,564
2024-06-28T00:00:00.000Z,0.9,30.17,5.92,2.02,14.93,8.17,566
2024-06-29T00:00:00.000Z,0.7,5.5,1.67,1.2,2.13,0.6,572
2024-06-30T00:00:00.000Z,0.4,9.25,2.8,1.42,5.12,2.109,573
2024-07-01T00:00:00.000Z,0.47,6.53,1.4,0.93,1.92,1.169,560
2024-07-02T00:00:00.000Z,0.6,4.57,1.48,1.2,1.98,0.67,571
2024-07-03T00:00:00.000Z,0.6,8.32,1.6,1.23,2.1,0.718,574
2024-07-04T00:00:00.000Z,0.4,12,1.32,1.02,1.7,1.491,572
2024-07-05T00:00:00.000Z,0.56,13.98,1.7,1.38,2.35,0.937,573
2024-07-06T00:00:00.000Z,1,6.1,2.25,1.65,3.28,1.129,572
2024-07-07T00:00:00.000Z,0.5,2.67,1.4,1,1.7,0.424,571
2024-07-08T00:00:00.000Z,0.4,3.35,1.1,0.9,1.4,0.436,570
2024-07-09T00:00:00.000Z,0.38,7.28,0.95,0.7,1.67,1.38,572
2024-07-10T00:00:00.000Z,0.7,25.48,2.29,1.79,6.4,4.268,569
2024-07-11T00:00:00.000Z,0.65,11.65,3.5,2.35,5.03,2.228,570
2024-07-12T00:00:00.000Z,0.5,11.2,1.12,0.9,2.88,2.693,550
2024-07-13T00:00:00.000Z,0.82,10.07,2.4,1.45,4.05,2.371,569
2024-07-14T00:00:00.000Z,0.5,9.93,1.6,1.12,3.45,2.151,573
2024-07-15T00:00:00.000Z,0.68,10.18,1.7,1.3,2.47,1.925,557
2024-07-16T00:00:00.000Z,1.5,17.75,4.84,2.54,7.65,3.445,563
2024-07-17T00:00:00.000Z,0.6,19.7,2.1,1.6,4,5.647,534
2024-07-18T00:00:00.000Z,0.8,3.75,1.9,1.42,2.6,0.644,573
2024-07-19T00:00:00.000Z,0.7,10.05,2.29,1.37,3.2,1.568,565
2024-07-20T00:00:00.000Z,0.63,16.5,1.33,1,2.2,2.881,525
2024-07-21T00:00:00.000Z,0.5,9.35,1.1,0.75,2.4,1.789,435
2024-07-22T00:00:00.000Z,1.3,13.57,3.05,2.22,4.94,2.606,569
2024-07-23T00:00:00.000Z,0.4,7.07,1.85,1.3,3.2,1.465,573
2024-07-24T00:00:00.000Z,1.14,15.75,2.38,1.9,4.05,2.832,573
2024-07-25T00:00:00.000Z,0.73,6.63,2.27,1.4,3.53,1.275,574
2024-07-26T00:00:00.000Z,0.8,37.75,3.6,1.42,10.3,9.615,574
2024-07-27T00:00:00.000Z,0.6,15.13,1.95,1.1,3.13,2.475,574
2024-07-28T00:00:00.000Z,0.7,5.82,1.83,1.3,2.33,0.65,573
2024-07-29T00:00:00.000Z,0.5,4.95,1.8,1.2,2.47,0.869,572
2024-07-30T00:00:00.000Z,0.4,6.78,1.52,0.8,2.29,1.364,569
2024-07-31T00:00:00.000Z,0.8,6.57,1.95,1.6,2.38,0.883,569
2024-08-01T00:00:00.000Z,0.8,7.85,2.02,1.6,2.6,1.078,563
2024-08-02T00:00:00.000Z,1.05,5.68,2.65,1.6,3.17,0.949,548
2024-08-03T00:00:00.000Z,2.75,15.82,4.09,3.65,5.79,2.377,568
2024-08-04T00:00:00.000Z,1.55,24.23,6.3,2.89,11.83,5.399,561
2024-08-05T00:00:00.000Z,0.7,4.5,1.75,1.2,2.63,0.844,562
2024-08-06T00:00:00.000Z,0.6,10.9,1.75,1.14,2.6,1.829,566
2024-08-07T00:00:00.000Z,1,13.32,2.35,1.58,4.38,2.732,564
2024-08-08T00:00:00.000Z,0.6,13.57,1.99,1.23,3.2,2.418,560
2024-08-09T00:00:00.000Z,1,22.2,2.75,2.35,4.72,4.52,549
2024-08-10T00:00:00.000Z,1.3,5.25,2.38,1.98,2.85,0.752,549
2024-08-11T00:00:00.000Z,0.6,5.72,1.58,1.23,3.28,1.24,563
2024-08-12T00:00:00.000Z,0.3,5.6,1.6,0.85,2.02,0.759,518
2024-08-13T00:00:00.000Z,0.3,6.45,0.9,0.6,1.9,1.363,546
2024-08-14T00:00:00.000Z,0.56,3.28,1.4,1.14,1.73,0.447,524
2024-08-15T00:00:00.000Z,1.05,9.52,2.45,1.8,5.29,2.122,488
2024-08-16T00:00:00.000Z,1.5,41.7,9.63,4.03,17.64,10.002,465
2024-08-17T00:00:00.000Z,0.75,4.07,1.6,1.2,1.9,0.518,460
2024-08-18T00:00:00.000Z,0.8,6.07,1.75,1.2,2.4,1.045,539
2024-08-19T00:00:00.000Z,2.5,8,3.78,3.42,4.46,1.008,548
2024-08-20T00:00:00.000Z,3.47,11,8.01,6.75,8.8,1.476,560
2024-08-21T00:00:00.000Z,0.63,22.08,1.85,1.23,8.38,5.275,551
2024-08-22T00:00:00.000Z,1.2,6.32,2.5,2.1,3.75,1.138,556
2024-08-23T00:00:00.000Z,1.6,8.88,3.63,3.03,4.5,1.432,561
2024-08-24T00:00:00.000Z,1.73,8.48,3,2.6,3.65,1.651,551
2024-08-25T00:00:00.000Z,1.08,9.82,2.54,2.04,3.25,1.731,551
2024-08-26T00:00:00.000Z,1.88,195.13,4.84,3.9,8.5,11.145,546
2024-08-27T00:00:00.000Z,1.8,16.23,4.15,3.13,6.6,2.723,551
2024-08-28T00:00:00.000Z,2.9,20.38,8.25,3.9,14.6,5.628,557
2024-08-29T00:00:00.000Z,7.82,27.77,11.84,9.48,13.32,3.215,498
2024-08-30T00:00:00.000Z,1.3,23.25,3.67,2.5,5.35,3.936,551
2024-08-31T00:00:00.000Z,0.8,25.98,5.47,2,9.43,5.666,559
2024-09-01T00:00:00.000Z,0.9,8.52,2.97,1.66,5.24,1.997,565
2024-09-02T00:00:00.000Z,2.67,11.77,5.29,4.47,6.13,1.552,552
2024-09-03T00:00:00.000Z,3.92,14.6,5.85,5.2,7.02,1.462,557
2024-09-04T00:00:00.000Z,5.15,15.52,8.25,7.18,11.18,2.69,561
2024-09-05T00:00:00.000Z,3.75,18.82,7.63,6.2,12.32,3.851,554
2024-09-06T00:00:00.000Z,3.67,14.55,8.98,6.47,11.27,2.862,546
2024-09-07T00:00:00.000Z,4.88,46.78,10.39,6.68,15,4.755,490
2024-09-08T00:00:00.000Z,3.5,21.1,9.4,5.44,11.7,4.114,557
2024-09-09T00:00:00.000Z,1.6,20.1,8.48,4.72,10.1,3.41,556
2024-09-10T00:00:00.000Z,0.73,504.92,2.25,1.63,3.39,22.323,540
2024-09-11T00:00:00.000Z,0.5,4.34,1.3,0.9,2,0.657,560
2024-09-12T00:00:00.000Z,0.4,6.8,0.8,0.62,1,0.449,561
2024-09-13T00:00:00.000Z,0.5,2.95,1.33,1.08,1.92,0.515,529
2024-09-14T00:00:00.000Z,0.2,4.47,1.12,0.7,1.6,0.559,555
2024-09-15T00:00:00.000Z,0.3,3.6,1.48,0.8,1.85,0.662,523
2024-09-16T00:00:00.000Z,0.5,2,1,0.8,1.38,0.338,434
2024-09-17T00:00:00.000Z,1.2,8.82,3.28,2.83,5.28,1.732,563
2024-09-18T00:00:00.000Z,2.52,20.23,6.95,4.97,9.06,4.379,561
2024-09-19T00:00:00.000Z,1,11.75,4.59,3.05,7.6,2.894,558
2024-09-20T00:00:00.000Z,3.13,22.88,9.35,4.75,13.76,5.129,556
2024-09-21T00:00:00.000Z,3.05,22.42,9.43,4.25,12.77,4.358,567
2024-09-22T00:00:00.000Z,3.92,36.79,14.18,6.35,19.17,7.334,561
2024-09-23T00:00:00.000Z,3.9,33.5,10.15,7,23.82,9.157,541
2024-09-24T00:00:00.000Z,3.2,40.25,20.16,12.68,28.77,10.031,562
2024-09-25T00:00:00.000Z,1.2,45.33,3.74,2.35,7.78,10.133,562
2024-09-26T00:00:00.000Z,0.8,20.48,3.75,2.22,10.48,5.353,562
2024-09-27T00:00:00.000Z,1.02,11,2.6,1.83,4.3,2.644,431
2024-09-28T00:00:00.000Z,0.6,3.85,1.33,1.1,1.7,0.483,383
2024-09-29T00:00:00.000Z,0.4,3.88,1.38,0.88,1.73,0.608,554
2024-09-30T00:00:00.000Z,0.3,4.7,1.2,0.85,2.75,1.141,571
2024-10-01T00:00:00.000Z,0.4,2.95,1,0.8,1.12,0.292,550
2024-10-02T00:00:00.000Z,0.3,3.47,1,0.73,1.3,0.491,562
2024-10-03T00:00:00.000Z,0.3,3.47,1,0.65,1.3,0.425,562
2024-10-04T00:00:00.000Z,0.2,6.1,1.4,0.6,1.9,0.893,569
2024-10-05T00:00:00.000Z,0.52,6.5,2.63,1.8,3.3,1.166,537
2024-10-06T00:00:00.000Z,0.4,21.63,4.3,1,6.55,4.13,555
2024-10-07T00:00:00.000Z,1.25,26.35,4.42,3.42,9.6,7.576,562
2024-10-08T00:00:00.000Z,9.23,29.9,20.75,17.82,23.42,4.393,567
2024-10-09T00:00:00.000Z,1.6,41.28,11.81,7.29,24.05,10.029,568
2024-10-10T00:00:00.000Z,0.68,7.8,3.35,2.75,4.12,1.436,568
2024-10-11T00:00:00.000Z,1,7.18,1.75,1.4,2.2,0.606,567
2024-10-12T00:00:00.000Z,0.4,4.25,1.73,1.4,2.2,0.559,569
2024-10-13T00:00:00.000Z,0.93,13.05,3.71,2.79,5.85,2.513,568
2024-10-14T00:00:00.000Z,0.73,8.13,1.6,1.3,3.94,1.694,565
2024-10-15T00:00:00.000Z,0.4,16.23,1.5,1.1,3.28,3.524,566
2024-10-16T00:00:00.000Z,0.77,26.23,5.32,1.67,16.98,7.788,569
2024-10-17T00:00:00.000Z,2.65,10.25,5.93,3.78,7.03,1.887,567
2024-10-18T00:00:00.000Z,5.9,38.5,10.35,8,19.55,10.318,571
2024-10-19T00:00:00.000Z,5.8,38.17,13.95,10.31,20.39,7.413,569
2024-10-20T00:00:00.000Z,1.6,40.95,14.02,6.46,23.3,9.769,560
2024-10-21T00:00:00.000Z,2.13,13.9,7.18,5.35,8.19,2.226,567
2024-10-22T00:00:00.000Z,0.9,11.35,3.3,2.42,6.01,2.489,568
2024-10-23T00:00:00.000Z,1.63,9.65,3.63,2.7,4.43,1.376,569
2024-10-24T00:00:00.000Z,3.63,33.28,15.23,7.5,18.82,7.379,567
2024-10-25T00:00:00.000Z,16.92,43.95,31.27,24.04,34.2,6.415,496
2024-10-26T00:00:00.000Z,11.88,41.05,28.95,20.22,33,7.879,561
2024-10-27T00:00:00.000Z,1,74.55,3.64,2.4,36.79,20.21,564
2024-10-28T00:00:00.000Z,1.63,24.48,5.95,2.52,13.57,6.622,554
2024-10-29T00:00:00.000Z,1,16.48,8.78,5.4,11.77,3.827,562
2024-10-30T00:00:00.000Z,0.52,7.75,3.38,1.7,4.84,1.715,561
2024-10-31T00:00:00.000Z,1.6,7.45,3,2.29,4.15,1.076,569
2024-11-01T00:00:00.000Z,0.8,7.3,3.08,2.17,3.85,1.087,562
2024-11-02T00:00:00.000Z,0.4,8.23,1.2,0.95,1.73,0.711,547
2024-11-03T00:00:00.000Z,0.98,4.53,2.04,1.7,2.35,0.519,555
2024-11-04T00:00:00.000Z,0.7,5.8,1.92,1.27,2.5,0.738,525
2024-11-05T00:00:00.000Z,0.7,11.27,3.42,1.7,6.07,2.778,447
2024-11-06T00:00:00.000Z,5.97,20.25,10.07,8.65,11.85,2.624,402
2024-11-07T00:00:00.000Z,3.1,16.48,6.52,4.68,10.95,3.456,526
2024-11-08T00:00:00.000Z,1.2,5.5,2.88,2.29,3.53,0.85,481
2024-11-09T00:00:00.000Z,5.22,26.35,18.39,15.75,21.73,5.361,416
2024-11-10T00:00:00.000Z,16.82,42.72,21.88,18.98,30.89,7.14,429
2024-11-11T00:00:00.000Z,11.13,44.8,21.26,17.6,30.35,9.209,466
2024-11-12T00:00:00.000Z,2.17,19.55,7.1,4.59,8.75,3.748,375
2024-11-13T00:00:00.000Z,2.29,17.39,9,7.56,11.88,3.018,400
2024-11-14T00:00:00.000Z,0.9,8.57,3.75,2.1,4.9,1.776,399
2024-11-15T00:00:00.000Z,0.75,10.32,3.66,2.44,6.19,2.218,524
2024-11-16T00:00:00.000Z,1,29.38,3.15,2.54,4.47,2.032,546
2024-11-17T00:00:00.000Z,1.2,5.7,2.02,1.75,2.4,0.518,541
2024-11-18T00:00:00.000Z,0.5,4.8,1.6,1.3,1.9,0.517,528
2024-11-19T00:00:00.000Z,1.12,23.52,2.99,2.13,4.23,1.763,480
2024-11-20T00:00:00.000Z,0.8,9.27,2.78,1.85,4.3,1.466,481
2024-11-21T00:00:00.000Z,0.52,18.39,2.29,1.42,4.21,2.337,456
2024-11-22T00:00:00.000Z,1.8,21.92,3.58,3.01,4.34,1.71,481
2024-11-23T00:00:00.000Z,1,12.48,2.4,1.8,5.47,2.774,391
2024-11-24T00:00:00.000Z,1.02,14.27,3.4,2.8,4.55,1.474,485
2024-11-25T00:00:00.000Z,1.3,6.28,2.29,1.83,2.84,1.02,425
2024-11-26T00:00:00.000Z,3.22,10,5.68,4.93,6.4,1.081,549
2024-11-27T00:00:00.000Z,1.88,13.88,4.84,3.17,5.84,2.383,568
2024-11-28T00:00:00.000Z,0.6,14.15,2,1.12,2.92,2.649,573
2024-11-29T00:00:00.000Z,0.9,33.92,3.88,1.6,6.7,4.445,563
2024-11-30T00:00:00.000Z,3.6,15.38,5.93,5.13,7.43,1.764,558
2024-12-01T00:00:00.000Z,5.35,34.1,12.38,10.75,18.13,5.176,483
2024-12-02T00:00:00.000Z,14.25,49.53,38.1,27.55,42.64,9.629,557
2024-12-03T00:00:00.000Z,0.6,49.2,3.53,1.1,39.7,18.011,571
2024-12-04T00:00:00.000Z,0.88,5.38,1.42,1.27,1.6,0.38,571
2024-12-05T00:00:00.000Z,0.9,11.25,2.31,1.65,3.33,2.701,574
2024-12-06T00:00:00.000Z,5.03,25.42,14.17,10.97,21.62,5.904,572
2024-12-07T00:00:00.000Z,3.67,29.65,11.38,6.8,16.8,7.445,572
2024-12-08T00:00:00.000Z,3.13,20.83,10.73,6.27,13.36,4.053,573
2024-12-09T00:00:00.000Z,1.3,13.68,2.4,2,2.95,1.183,568
2024-12-10T00:00:00.000Z,1.4,18.6,2.6,2.09,5.12,2.428,552
2024-12-11T00:00:00.000Z,2.4,16.6,7.18,5.44,8.56,2.23,524
2024-12-12T00:00:00.000Z,3.13,49.78,7.19,4.68,9.86,4.159,528
2024-12-13T00:00:00.000Z,2.4,37.25,7.85,5.35,10.27,3.807,531
2024-12-14T00:00:00.000Z,1.8,30.33,10.68,2.85,19.5,8.428,520
2024-12-15T00:00:00.000Z,1.42,10.13,2.63,2.22,3.7,1.579,574
2024-12-16T00:00:00.000Z,0.6,8.07,3.17,2,4.47,1.522,522
2024-12-17T00:00:00.000Z,0.82,21.75,2.15,1.55,3.3,3.182,542
2024-12-18T00:00:00.000Z,3.3,29.38,15.15,12.15,19.39,6.326,542
2024-12-19T00:00:00.000Z,1.45,15.3,4.32,2.85,5.39,1.778,273
2024-12-20T00:00:00.000Z,1.38,7.05,3.42,2.85,3.92,0.978,437
2024-12-21T00:00:00.000Z,1.95,22.6,4.97,3.78,7.65,4.287,520
2024-12-22T00:00:00.000Z,1.55,9,3,2.45,3.67,0.863,573
2024-12-23T00:00:00.000Z,0.88,7.93,2.42,1.73,3.24,0.997,552
2024-12-24T00:00:00.000Z,1.2,11.8,2.9,2.33,3.8,1.301,543
2024-12-25T00:00:00.000Z,5.09,39.6,19.3,17.38,22.84,6.462,572
2024-12-26T00:00:00.000Z,0.7,16.67,3.9,1.95,7.6,3.429,571
2024-12-27T00:00:00.000Z,1.38,14.5,5.68,3.14,7.77,2.961,573
2024-12-28T00:00:00.000Z,1,18.39,5.82,2.22,9.9,4.204,541
2024-12-29T00:00:00.000Z,2.27,28.95,14.98,12.68,20.42,6.424,475
2024-12-30T00:00:00.000Z,2.2,7.43,3.79,3.4,4.37,0.801,332
2024-12-31T00:00:00.000Z,0.7,23.52,3.4,1.67,8.43,3.712,407
2025-01-01T00:00:00.000Z,0.8,24.3,3.88,2.16,12.1,6.221,544
2025-01-02T00:00:00.000Z,0.7,6.85,1.3,1.1,1.83,0.774,573
2025-01-03T00:00:00.000Z,1,3.9,1.7,1.52,2,0.402,566
2025-01-04T00:00:00.000Z,1.3,7.38,2.2,1.83,3.03,0.848,572
2025-01-05T00:00:00.000Z,3.13,19.39,7.72,5.28,10.3,3.068,570
2025-01-06T00:00:00.000Z,1,18.57,6.43,3.6,8.27,2.938,571
2025-01-07T00:00:00.000Z,0.85,6.03,2.47,1.8,3.1,0.852,572
2025-01-08T00:00:00.000Z,1.6,5.57,2.85,2.44,3.49,0.786,572
2025-01-09T00:00:00.000Z,2.29,11.27,4.88,3.88,6.37,2.088,569
2025-01-10T00:00:00.000Z,0.93,5.2,2.54,2,2.95,0.681,572
2025-01-11T00:00:00.000Z,0.7,11.8,1.3,1.15,1.48,0.517,572
2025-01-12T00:00:00.000Z,0.6,10.45,1.5,1.2,2.35,1.118,572
2025-01-13T00:00:00.000Z,2.1,34.79,5.47,3.51,7.44,3.245,521
2025-01-14T00:00:00.000Z,3.6,54.22,10.3,6,21.67,14.627,394
2025-01-15T00:00:00.000Z,1.08,26.63,4.72,2.67,7,6.625,572
2025-01-16T00:00:00.000Z,5.43,45.05,11.62,8.06,15,4.61,568
2025-01-17T00:00:00.000Z,9.23,35.25,21.8,18.39,26.72,5.431,572
2025-01-18T00:00:00.000Z,6.85,29.38,13.52,10.74,17.72,5.408,573
2025-01-19T00:00:00.000Z,5.45,18.77,10.18,8.1,12.15,2.575,573
2025-01-20T00:00:00.000Z,1.52,41.95,7.7,3.48,9.73,7.366,573
2025-01-21T00:00:00.000Z,13.95,36.92,26.48,22.82,28.77,4.544,573
2025-01-22T00:00:00.000Z,10.25,43.42,26.5,21.75,34.08,8.491,574
2025-01-23T00:00:00.000Z,1,67.65,19.39,3.42,38.82,20.009,573
2025-01-24T00:00:00.000Z,2.6,23.02,9.41,6.85,12.65,4.735,570
2025-01-25T00:00:00.000Z,2.15,19.98,7.02,3.85,12.2,4.694,534
2025-01-26T00:00:00.000Z,2.33,14.77,3.92,3.5,4.84,3.412,215
2025-01-27T00:00:00.000Z,0.9,17.42,4.15,2.5,6.92,3.932,477
2025-01-28T00:00:00.000Z,0.9,23.7,8.94,2.97,15.18,6.568,574
2025-01-29T00:00:00.000Z,3.1,32.08,16.34,8.05,21.48,7.896,574
2025-01-30T00:00:00.000Z,1.35,10.43,3.71,2.83,5.47,2.184,410
2025-01-31T00:00:00.000Z,1,11.15,3.4,2.22,4.72,2.786,374
2025-02-01T00:00:00.000Z,1.02,22.02,6.99,3.9,9.05,3.282,400
2025-02-02T00:00:00.000Z,5,34.95,17.25,9.5,22,7.228,519
2025-02-03T00:00:00.000Z,5.47,40.97,20.05,10.32,24.48,8.371,571
2025-02-04T00:00:00.000Z,24.7,134.25,40.78,35.31,44,7.207,573
2025-02-05T00:00:00.000Z,1.77,51.53,5.75,3.1,39.79,18.329,564
2025-02-06T00:00:00.000Z,0.73,9.94,3.15,1.76,4.53,1.676,553
2025-02-07T00:00:00.000Z,0.9,30.55,2.46,1.75,4.3,7.742,510
2025-02-08T00:00:00.000Z,8.65,20.63,13.85,11.57,17.27,3.012,537
2025-02-09T00:00:00.000Z,12.05,24.85,16.27,15.05,18.35,2.275,563
2025-02-10T00:00:00.000Z,4.47,20.25,9.48,8.14,10.72,2.253,565
2025-02-11T00:00:00.000Z,4.4,7.7,6.1,5.69,6.5,0.596,285
2025-02-12T00:00:00.000Z,5.4,23.6,10.03,8.65,12.32,2.591,506
2025-02-13T00:00:00.000Z,1.77,15.23,9.98,6.62,11.99,3.255,484
2025-02-14T00:00:00.000Z,0.5,6.93,1.88,1.1,2.5,1.125,297
2025-02-15T00:00:00.000Z,1.2,11.65,2.45,2.1,3.4,1.262,442
2025-02-16T00:00:00.000Z,1.1,10,1.9,1.58,2.6,0.97,333
2025-02-17T00:00:00.000Z,1.33,5.75,3.2,2.47,3.7,0.858,434
2025-02-18T00:00:00.000Z,0.6,9.93,3.75,1.8,4.96,1.946,513
2025-02-19T00:00:00.000Z,0.8,21.27,6.12,3.32,8.57,3.883,564
2025-02-20T00:00:00.000Z,2.75,27.1,9.5,6.85,18.17,6.713,565
2025-02-21T00:00:00.000Z,23.67,61.33,44.13,37.6,49.17,8.042,559
2025-02-22T00:00:00.000Z,18.85,62.42,27.8,22.69,49.15,13.794,565
2025-02-23T00:00:00.000Z,8.68,52.75,24.49,16.48,31.69,10.484,572
2025-02-24T00:00:00.000Z,4.43,32.53,10.23,7.18,18.05,6.469,565
2025-02-25T00:00:00.000Z,10.38,40,20.52,16.54,25,7.01,564
2025-02-26T00:00:00.000Z,8.88,34.47,16.88,13.93,18.88,4.327,565
2025-02-27T00:00:00.000Z,5.82,24.25,11.42,8.86,17.38,4.702,396
2025-02-28T00:00:00.000Z,6.05,12.45,10.67,9.25,11.26,1.514,96
2025-03-01T00:00:00.000Z,3.08,14.4,8.02,5.03,10.07,2.842,383
2025-03-02T00:00:00.000Z,1.52,12.05,3.45,2.72,5.87,2.426,568
2025-03-03T00:00:00.000Z,1.6,10.45,3.78,3.03,4.97,1.689,545
2025-03-04T00:00:00.000Z,1.7,24.2,3.5,2.78,6.17,5.819,565
2025-03-05T00:00:00.000Z,5.68,21.77,10.68,9.34,12.5,3.194,549
2025-03-06T00:00:00.000Z,8.98,25.13,17.22,11.71,20.05,4.457,144
2025-03-07T00:00:00.000Z,18.1,89.95,26.05,23.3,30.73,11.583,423
2025-03-08T00:00:00.000Z,19.77,45.88,29.92,27.58,33.35,4.821,567
2025-03-09T00:00:00.000Z,16.52,83.78,29.13,24.38,33.28,14.243,567
2025-03-10T00:00:00.000Z,17.75,45.42,26.23,21.75,30.98,6.945,567
2025-03-11T00:00:00.000Z,2.78,41.58,25.75,5.8,30.7,12.097,570
2025-03-12T00:00:00.000Z,2.29,32.97,7.03,5.25,8.02,3.029,571
2025-03-13T00:00:00.000Z,5.78,29.08,11.27,8.43,13.73,3.185,355
2025-03-14T00:00:00.000Z,1.6,35.03,2.8,2.35,4.09,2.866,322
2025-03-15T00:00:00.000Z,2.8,3.83,3.3,3.08,3.67,0.324,11
2025-03-18T00:00:00.000Z,2.17,4.03,2.92,2.6,3.3,0.417,63
2025-03-19T00:00:00.000Z,1.8,15.52,4.43,3.03,8.8,3.357,569
2025-03-20T00:00:00.000Z,7,21.13,14.43,10.75,16.05,3.427,539
2025-03-21T00:00:00.000Z,0.43,19.38,5.9,1.48,14.75,6.125,571
2025-03-22T00:00:00.000Z,2.95,16.32,7.5,5.8,9.57,3.155,571
2025-03-23T00:00:00.000Z,6.07,12.55,8.91,8.18,9.6,1.213,562
2025-03-24T00:00:00.000Z,6.72,86.93,12.3,10.19,21.76,8.979,569
2025-03-25T00:00:00.000Z,4.18,88.72,34.83,28.74,45.78,17.03,540
2025-03-26T00:00:00.000Z,1,7.2,2.29,1.5,4.07,1.494,571
2025-03-27T00:00:00.000Z,2.75,11.57,5.72,3.8,7.21,2.258,217
2025-03-28T00:00:00.000Z,13.75,31.5,19.77,16.92,24.35,4.341,439
2025-03-29T00:00:00.000Z,0.6,43.92,7.13,3.17,29.8,13.328,567
2025-03-30T00:00:00.000Z,1.95,12.82,4.88,4,6.75,2.19,464
2025-03-31T00:00:00.000Z,0.75,16.07,2.6,1.48,6.3,4.174,536
2025-04-01T00:00:00.000Z,0.3,5.8,3,0.9,3.88,1.592,223
2025-04-02T00:00:00.000Z,0.68,4.8,1.4,1.12,1.9,0.616,158
2025-04-03T00:00:00.000Z,0.17,6.25,1.2,0.47,2.45,1.291,565
2025-04-04T00:00:00.000Z,0.85,16,2.5,1.65,3.92,2.774,570
2025-04-05T00:00:00.000Z,0.2,6.1,0.9,0.54,1.3,0.586,557
2025-04-06T00:00:00.000Z,0.45,3.15,1.14,0.8,1.98,0.633,360
2025-04-07T00:00:00.000Z,0.6,2.97,1.4,1.1,1.62,0.387,320
2025-04-08T00:00:00.000Z,0.4,4.72,1.29,0.9,1.6,0.585,566
2025-04-09T00:00:00.000Z,1.48,16.63,3.65,2.83,6.4,3.401,554
2025-04-10T00:00:00.000Z,0.75,8.15,2.1,1.58,4.09,1.761,567
2025-04-11T00:00:00.000Z,1.1,8.18,3.91,2.25,5.09,1.704,570
2025-04-12T00:00:00.000Z,2,22.67,6.59,3.33,9.48,5.269,570
2025-04-13T00:00:00.000Z,5.65,76.59,18.26,9.8,23.77,14.918,554
2025-04-14T00:00:00.000Z,6.88,49.95,17.38,12.54,25.14,9.347,572
2025-04-15T00:00:00.000Z,3.55,50.45,12.76,5.95,23.74,12.457,556
2025-04-16T00:00:00.000Z,4.59,43.42,12.05,8.38,16.3,9.134,569
2025-04-17T00:00:00.000Z,6.25,38.22,13.38,9.98,24.35,8.541,573
2025-04-18T00:00:00.000Z,1.17,44.7,8.9,2.62,26.02,13.792,572
2025-04-19T00:00:00.000Z,2.02,28.45,13.68,10.25,18.09,5.842,493
2025-04-20T00:00:00.000Z,4.38,31.5,18.64,14.52,23.23,5.683,575
2025-04-21T00:00:00.000Z,2.6,36.22,12.5,4.84,19.63,9.143,572
2025-04-22T00:00:00.000Z,9.4,36.6,18.17,14.52,23.38,6.844,574
2025-04-23T00:00:00.000Z,0.9,24.7,6.72,1.62,16.09,7.197,573
2025-04-24T00:00:00.000Z,0.68,17.1,3.1,2.35,6.8,3.722,573
2025-04-25T00:00:00.000Z,1.27,11.48,3.2,2.54,3.92,1.849,571
2025-04-26T00:00:00.000Z,0.6,7.63,1.5,1.05,3.1,1.469,491
2025-04-27T00:00:00.000Z,0.9,6,2,1.6,2.72,1,438
2025-04-28T00:00:00.000Z,2.17,7.28,3.55,3.08,4.57,1.051,572
2025-04-29T00:00:00.000Z,0.56,9.35,1.7,1.3,4.2,2.312,573
2025-04-30T00:00:00.000Z,1,14.1,2.92,1.8,5.46,3.263,573
2025-05-01T00:00:00.000Z,0.75,34.78,6.32,3.55,13.32,6.89,573
2025-05-02T00:00:00.000Z,0.73,19.23,4.24,1.75,5.55,3.466,524
2025-05-03T00:00:00.000Z,0.5,4.2,1.39,1.08,1.9,0.615,464
2025-05-04T00:00:00.000Z,0.7,4.7,1.4,1.17,1.7,0.669,573
2025-05-05T00:00:00.000Z,0.4,4,1.1,0.7,1.5,0.514,572
2025-05-06T00:00:00.000Z,0.32,4.4,1.32,0.9,2.95,1.1,572
2025-05-07T00:00:00.000Z,0.5,10.8,1.02,0.8,1.3,1.445,562
2025-05-08T00:00:00.000Z,0.63,12.02,1.98,1.3,4.92,3.048,572
2025-05-09T00:00:00.000Z,1.1,10.35,3.47,2.39,4.12,2.228,492
2025-05-10T00:00:00.000Z,1.17,16.95,2.9,2.22,4.7,2.858,471
2025-05-11T00:00:00.000Z,0.85,11.55,2.09,1.3,3.53,1.332,574
2025-05-12T00:00:00.000Z,1.63,8.1,4.09,2.74,5.15,1.563,572
2025-05-13T00:00:00.000Z,0.7,14.15,2.79,1.14,6.32,3.537,566
2025-05-14T00:00:00.000Z,0.73,12.2,2.25,1.4,7.43,3.211,575
2025-05-15T00:00:00.000Z,0.8,5.05,1.75,1.3,2.1,0.525,569
2025-05-16T00:00:00.000Z,0.5,4.5,1.55,1.14,2.35,0.798,555
2025-05-17T00:00:00.000Z,0.32,5.15,1.23,1,1.9,0.854,553
2025-05-18T00:00:00.000Z,0.7,4.9,1.8,1.2,2.92,0.987,534
2025-05-19T00:00:00.000Z,0.75,3.8,1.33,1.2,1.63,0.48,568
2025-05-20T00:00:00.000Z,1.1,10.4,1.8,1.5,2.45,1.55,561
2025-05-21T00:00:00.000Z,1.3,10.65,4.34,3.49,5.18,1.741,572
2025-05-22T00:00:00.000Z,0.4,6.75,1.08,0.8,2.47,1.215,510
2025-05-23T00:00:00.000Z,0.4,2.4,1,0.8,1.17,0.292,532
2025-05-24T00:00:00.000Z,0.85,11.3,2.08,1.6,2.72,0.853,573
2025-05-25T00:00:00.000Z,2.85,17.42,8.57,5.88,12.57,3.868,574
2025-05-26T00:00:00.000Z,0.77,9.8,2.04,1.7,4.25,2.143,574
2025-05-27T00:00:00.000Z,1.5,14.13,3.5,2.54,4.97,2.264,574
2025-05-28T00:00:00.000Z,0.6,6.85,1.92,1.2,3.03,1.334,575
2025-05-29T00:00:00.000Z,0.4,28.2,1.6,1.08,2.6,2.211,574
2025-05-30T00:00:00.000Z,0.6,13.13,2.63,1.85,4.63,2.999,574
2025-05-31T00:00:00.000Z,0.4,5.78,1.14,0.7,2.58,1.19,575
2025-06-01T00:00:00.000Z,1,22.75,3.54,2.65,8.35,4.738,574
2025-06-02T00:00:00.000Z,0.9,8.57,3.04,2,5.65,2.066,574
2025-06-03T00:00:00.000Z,1,5.95,2.5,2,3.2,0.846,574
2025-06-04T00:00:00.000Z,2,12.77,4.09,3.15,7.11,2.437,569
2025-06-05T00:00:00.000Z,1.1,7.65,3.3,2.33,4.15,1.248,572
2025-06-06T00:00:00.000Z,0.88,14.7,1.83,1.42,3.08,3.158,575
2025-06-07T00:00:00.000Z,0.6,13.57,2.04,1.52,2.7,2.709,574
2025-06-08T00:00:00.000Z,0.8,7.68,2.7,1.89,3.47,1.324,572
2025-06-09T00:00:00.000Z,0.8,8.98,1.5,1.2,2.33,1.833,575
2025-06-10T00:00:00.000Z,3,30.15,21.35,13.98,24.15,6.257,573
2025-06-11T00:00:00.000Z,1.65,13.43,2.47,2.04,5.9,3.296,570
2025-06-12T00:00:00.000Z,0.5,6.6,1.3,1.02,1.9,1.233,509
2025-06-13T00:00:00.000Z,0.28,11.38,0.88,0.5,1.77,2.458,575
2025-06-14T00:00:00.000Z,0.93,5.4,2.04,1.7,2.54,0.795,576
2025-06-15T00:00:00.000Z,1.63,11.02,5,4.42,5.93,1.903,361
2025-06-16T00:00:00.000Z,1.3,6,3.8,3.12,4.4,0.96,440
2025-06-17T00:00:00.000Z,3.65,8.69,5.57,4.84,6.4,1.03,572
2025-06-18T00:00:00.000Z,1.1,10.63,3.3,2,5.43,2.776,575
2025-06-19T00:00:00.000Z,0.68,5.35,2,1.4,2.45,0.689,574
2025-06-20T00:00:00.000Z,0.9,6.55,2.9,2.13,3.62,1.056,568
2025-06-21T00:00:00.000Z,0.98,4.78,2.72,2.13,3.08,0.73,571
2025-06-22T00:00:00.000Z,0.85,11.85,2.9,2.1,4.15,1.886,575
2025-06-23T00:00:00.000Z,1.1,15.07,3.05,2.1,7.78,3.834,575
2025-06-24T00:00:00.000Z,1.02,4.32,2.16,1.73,2.75,0.692,554
2025-06-25T00:00:00.000Z,0.8,4.7,2,1.55,2.4,0.624,575
2025-06-26T00:00:00.000Z,0.43,9.88,2.52,1.7,5.09,2.356,564
2025-06-27T00:00:00.000Z,0.93,11.57,2.13,1.5,6.57,3.116,574
2025-06-28T00:00:00.000Z,1.67,9.4,3.4,2.8,4.9,1.695,575
2025-06-29T00:00:00.000Z,2,5.22,3.53,3.17,3.9,0.565,573
2025-06-30T00:00:00.000Z,2.04,6.3,3.63,2.92,4.38,0.89,408
2025-07-01T00:00:00.000Z,0.5,6.4,2.04,1.42,2.78,1.074,574
2025-07-02T00:00:00.000Z,1.35,8.44,2.63,2.2,3.45,1.511,574
2025-07-03T00:00:00.000Z,0.7,10.7,1.91,1.5,2.6,2.075,574
2025-07-04T00:00:00.000Z,0.43,6.93,1.5,1.1,3.4,1.485,574
2025-07-05T00:00:00.000Z,1.5,5.03,2.97,2.42,3.53,0.71,575
2025-07-06T00:00:00.000Z,1.2,10.25,4.38,3.25,5.9,1.936,522
2025-07-07T00:00:00.000Z,0.3,9.05,1.88,0.85,3.9,2.084,575
2025-07-08T00:00:00.000Z,0.3,5.15,0.85,0.68,1.7,0.704,575
2025-07-09T00:00:00.000Z,0.5,6.82,1.9,1.1,2.88,1.233,575
2025-07-10T00:00:00.000Z,0.8,5.4,2.09,1.58,3.13,1.087,544
2025-07-11T00:00:00.000Z,1.55,15.35,4.98,3.92,6.03,2.065,510
2025-07-12T00:00:00.000Z,1.5,73.05,4.63,2.92,5.92,5.938,572
2025-07-13T00:00:00.000Z,1.02,8.23,3.33,2.13,3.9,1.487,573
2025-07-14T00:00:00.000Z,0.88,11.85,4,2.04,5.22,1.945,574
2025-07-15T00:00:00.000Z,0.8,15.45,4.59,2.52,8.3,3.173,575
2025-07-16T00:00:00.000Z,0.9,19.67,3.57,1.98,7.13,3.854,574
2025-07-17T00:00:00.000Z,1.48,20.55,4.84,3.88,11.7,5.043,575
2025-07-18T00:00:00.000Z,2.25,15.5,3.9,3.1,8.8,3.682,575
2025-07-19T00:00:00.000Z,3.47,18.55,6.3,5.32,7.13,2.295,574
2025-07-20T00:00:00.000Z,2.35,17.5,5,3.95,8.4,3.434,503
2025-07-21T00:00:00.000Z,3.42,14.27,7.68,4.45,9.32,2.674,573
2025-07-22T00:00:00.000Z,0.43,19.17,5.7,1.77,10.77,5.285,575
2025-07-23T00:00:00.000Z,0.2,10.65,1.45,0.5,2.29,1.949,575
2025-07-24T00:00:00.000Z,0.68,15.7,3.7,2,4.7,2.604,574
2025-07-25T00:00:00.000Z,2.33,32.6,5.13,4.5,7.63,7.696,575
2025-07-26T00:00:00.000Z,1.5,11.6,7.45,5.97,8.4,2.28,575
2025-07-27T00:00:00.000Z,1.92,15.73,3.74,2.7,8,3.859,574
2025-07-28T00:00:00.000Z,0.43,6.72,2.52,2.17,3.2,1.002,571
2025-07-29T00:00:00.000Z,1.4,28.52,2.52,2.1,3.15,1.563,574
2025-07-30T00:00:00.000Z,0.88,808.8,3.2,2.1,4.88,38.819,575
2025-07-31T00:00:00.000Z,0.65,8.05,2.15,1.3,4.44,1.834,573
2025-08-01T00:00:00.000Z,0.6,12.38,2.47,1.55,5.8,2.657,573
2025-08-02T00:00:00.000Z,0.6,10.3,2.9,1.23,4.22,2.385,575
2025-08-03T00:00:00.000Z,0.4,999.9,2.2,1.12,6.25,41.618,575
2025-08-04T00:00:00.000Z,0.6,17.85,2.88,1.52,5.6,2.93,570
2025-08-05T00:00:00.000Z,1.27,55.08,2.8,2.2,4.07,4.069,553
2025-08-06T00:00:00.000Z,1.65,4.55,2.92,2.6,3.22,0.489,520
2025-08-07T00:00:00.000Z,2.04,6.63,3.6,3.13,4.13,0.751,557
2025-08-08T00:00:00.000Z,2.5,999.9,3.78,3.22,5.8,42.101,562
2025-08-09T00:00:00.000Z,1.1,12.43,3.6,1.73,4.72,2.249,558
2025-08-10T00:00:00.000Z,0.82,12.35,2.22,1.63,5.57,2.685,509
2025-08-11T00:00:00.000Z,1.08,66.09,2.1,1.8,2.45,3.695,570
2025-08-12T00:00:00.000Z,1.98,6.4,4.57,4,5,0.879,540
2025-08-13T00:00:00.000Z,3.42,999.9,6,5.18,7.3,78.101,543
2025-08-14T00:00:00.000Z,2.27,9.52,3.83,3,5.62,1.993,504
2025-08-15T00:00:00.000Z,4.3,17.5,6.63,5.85,8.18,2.531,527
2025-08-16T00:00:00.000Z,0.5,10.02,1.9,1,3.65,1.697,571
2025-08-17T00:00:00.000Z,0.3,3.92,0.93,0.6,1.48,0.724,574
2025-08-18T00:00:00.000Z,0.4,2.9,1,0.63,1.4,0.472,574
2025-08-19T00:00:00.000Z,1.1,9.55,3.32,2.04,7.43,2.656,574
2025-08-20T00:00:00.000Z,0.3,23.02,0.88,0.55,1.1,1.002,562
2025-08-21T00:00:00.000Z,0.4,2.2,0.95,0.8,1.1,0.232,382
2025-08-22T00:00:00.000Z,0.4,1.9,0.98,0.8,1.14,0.256,381
2025-08-23T00:00:00.000Z,0.2,2.35,0.82,0.47,1.08,0.352,571
2025-08-24T00:00:00.000Z,0.75,3.65,1.35,1.1,1.73,0.442,575
2025-08-25T00:00:00.000Z,1.1,5.55,2.25,1.7,2.88,0.854,574
2025-08-26T00:00:00.000Z,0.25,8.3,1.9,0.87,3.2,1.746,573
2025-08-27T00:00:00.000Z,1.05,10.35,2.25,1.5,5.07,2.326,575
2025-08-28T00:00:00.000Z,1.1,19.7,4.7,2.7,6.97,3.72,575
2025-08-29T00:00:00.000Z,2.1,35.53,9.35,3.92,19.5,9.828,575
2025-08-30T00:00:00.000Z,3.08,20.2,8.19,6.2,10.05,2.936,575
2025-08-31T00:00:00.000Z,0.9,35.5,4.4,2.67,12.1,7.453,539
2025-09-01T00:00:00.000Z,0.95,13.38,4,2.4,10.1,3.957,575
2025-09-02T00:00:00.000Z,3.5,28.5,12.43,9.02,19.35,6.331,531
2025-09-03T00:00:00.000Z,0.7,17.3,3.7,1.4,10.32,4.852,573
2025-09-04T00:00:00.000Z,0.9,9.93,1.65,1.45,2.72,1.56,573
2025-09-05T00:00:00.000Z,1.45,12.57,4.8,3.4,6.65,2.228,488
2025-09-06T00:00:00.000Z,1.52,2.25,1.85,1.67,1.9,0.207,14
2025-09-07T00:00:00.000Z,0.75,11.75,2.24,1.3,4.78,2.649,268
2025-09-08T00:00:00.000Z,1.85,16.92,7.5,5.32,10.55,3.611,298
2025-09-09T00:00:00.000Z,3.3,42,14.93,5.4,20.1,9.616,575
2025-09-10T00:00:00.000Z,4.09,29.65,16.3,7.38,20.5,7.17,543
2025-09-11T00:00:00.000Z,2.08,47.47,4.04,3.03,11.99,9.844,564
2025-09-12T00:00:00.000Z,1,5.63,2.29,1.9,2.85,0.718,576
2025-09-13T00:00:00.000Z,1.02,4.32,2.1,1.7,2.54,0.647,563
2025-09-14T00:00:00.000Z,0.5,6.8,1.95,1.3,3.08,1.332,575
2025-09-15T00:00:00.000Z,1.17,4.59,2.78,2.22,3.25,0.658,492
2025-09-16T00:00:00.000Z,1.3,6.07,2.58,2.13,3.13,0.705,575
2025-09-17T00:00:00.000Z,1.4,4.4,2.7,2.38,3.03,0.481,575
2025-09-18T00:00:00.000Z,1.08,9.07,2.8,2.4,3.28,1.267,576
2025-09-19T00:00:00.000Z,2.1,23.85,3.89,3.1,6.79,5.675,568
2025-09-20T00:00:00.000Z,3.4,39.42,8.19,4.43,25.65,11.474,470
2025-09-21T00:00:00.000Z,0.95,24.27,3.88,1.98,11.63,6.571,575
2025-09-22T00:00:00.000Z,0.95,4.34,1.73,1.45,2.6,0.743,574
2025-09-23T00:00:00.000Z,0.3,3,1.4,0.63,1.75,0.587,574
2025-09-24T00:00:00.000Z,0.3,2.75,1.3,0.7,1.5,0.444,575
2025-09-25T00:00:00.000Z,0.3,4.65,1.3,0.6,1.52,0.603,576
2025-09-26T00:00:00.000Z,0.4,2.6,1.27,0.84,1.8,0.55,576
2025-09-27T00:00:00.000Z,0.85,3.6,2,1.5,2.25,0.501,575
2025-09-28T00:00:00.000Z,0.55,14.55,2.02,1.32,3.63,3.381,573
2025-09-29T00:00:00.000Z,0.56,8.9,1.7,1.25,3.95,2.017,575
2025-09-30T00:00:00.000Z,0.8,4.63,1.8,1.3,2.22,0.683,574
2025-10-01T00:00:00.000Z,2.17,13.27,4.43,3.78,5.9,2.052,351
2025-10-02T00:00:00.000Z,1.2,14.35,8.32,2.63,10.98,4.062,553
2025-10-03T00:00:00.000Z,1,15.98,2.88,2.1,9.15,3.955,550
2025-10-04T00:00:00.000Z,1.6,11.07,4.59,2.63,6.53,2.522,555
2025-10-05T00:00:00.000Z,1.6,6,3.03,2.58,3.47,0.744,555
2025-10-06T00:00:00.000Z,0.5,5.63,1.52,0.94,2.2,1.016,557
2025-10-07T00:00:00.000Z,2.2,56.33,7.8,5.3,11.88,14.103,545
2025-10-08T00:00:00.000Z,0.7,12.68,3.18,1.9,7.1,2.739,574
2025-10-09T00:00:00.000Z,1.02,9.44,2.33,1.85,2.88,1.527,579
2025-10-10T00:00:00.000Z,2.17,12.15,4.3,3.47,9.65,3.12,576
2025-10-11T00:00:00.000Z,1.52,4.15,2.38,2.09,2.8,0.541,485
2025-10-12T00:00:00.000Z,0.6,3.78,1.88,1.35,2.35,0.609,567
2025-10-13T00:00:00.000Z,0.5,4.43,1.8,0.99,2.2,0.694,568
2025-10-14T00:00:00.000Z,0.6,7.43,2.2,1.2,3.3,1.465,565
2025-10-15T00:00:00.000Z,1.27,15.93,3.65,2.58,6.95,3.509,567
2025-10-16T00:00:00.000Z,1.5,7.88,2.54,2.13,3.3,1.424,481
2025-10-17T00:00:00.000Z,0.6,7.75,1.9,1.35,3.75,1.667,570
2025-10-18T00:00:00.000Z,0.32,7.45,1.6,0.73,2.41,0.966,572
2025-10-19T00:00:00.000Z,0.5,14.3,3.1,1.14,4.72,2.181,567
2025-10-20T00:00:00.000Z,2.22,9.82,4.59,3.53,6.24,1.756,569
2025-10-21T00:00:00.000Z,4.34,18.3,9.43,8,10.69,2.606,553
2025-10-22T00:00:00.000Z,2.1,14.3,6.3,3.9,10.48,3.55,571
2025-10-23T00:00:00.000Z,3.17,25.33,11.83,9.65,14.12,4.396,572
2025-10-24T00:00:00.000Z,1.2,5.75,2.35,1.91,2.92,0.866,537
2025-10-25T00:00:00.000Z,1.63,8.13,3.3,2.9,3.8,0.731,466
2025-10-26T00:00:00.000Z,1.25,7.68,2.17,1.8,3.88,1.478,335
2025-10-27T00:00:00.000Z,1.14,5.45,2.2,1.73,2.8,0.796,538
2025-10-28T00:00:00.000Z,1.17,5.45,2.65,2.02,3.38,0.895,546
2025-10-29T00:00:00.000Z,2.25,16.13,4.45,3.85,5.5,3.27,562
2025-10-30T00:00:00.000Z,0.98,9.57,2.72,1.6,5.38,2.193,567
2025-10-31T00:00:00.000Z,1.02,14.82,2.22,1.75,4.4,2.195,574
2025-11-01T00:00:00.000Z,3.58,254.98,9.55,6.7,15.43,50.765,574
2025-11-02T00:00:00.000Z,4.22,47.15,10.06,7.3,14.42,4.316,552
2025-11-03T00:00:00.000Z,1.4,25.45,11.09,3.1,15.17,6.436,572
2025-11-04T00:00:00.000Z,13.88,999.9,999.9,999.9,999.9,262.753,543
2025-11-05T00:00:00.000Z,999.9,999.9,999.9,999.9,999.9,0,574
2025-11-06T00:00:00.000Z,1.45,999.9,999.9,999.9,999.9,407.249,576
2025-11-07T00:00:00.000Z,6.22,999.9,999.9,999.9,999.9,279.919,573
2025-11-08T00:00:00.000Z,999.9,999.9,999.9,999.9,999.9,0,573
2025-11-09T00:00:00.000Z,4.3,999.9,19.35,16.48,999.9,486.614,553
2025-11-10T00:00:00.000Z,11.07,28.92,18.17,15.65,23.77,4.466,575
2025-11-11T00:00:00.000Z,6.53,34.25,15.23,12.94,17.88,5.086,576
2025-11-12T00:00:00.000Z,2.17,26.1,5.4,3.88,15.75,6.897,543
2025-11-13T00:00:00.000Z,0.9,9.07,5.88,3.95,6.68,2.127,554
2025-11-14T00:00:00.000Z,0.9,1.8,1.3,1.13,1.4,0.189,138
